--
-- PostgreSQL database dump
--

-- Dumped from database version 17.2
-- Dumped by pg_dump version 17.2

SET statement_timeout = 0;
SET lock_timeout = 0;
SET idle_in_transaction_session_timeout = 0;
SET transaction_timeout = 0;
SET client_encoding = 'UTF8';
SET standard_conforming_strings = on;
SELECT pg_catalog.set_config('search_path', '', false);
SET check_function_bodies = false;
SET xmloption = content;
SET client_min_messages = warning;
SET row_security = off;

--
-- Name: calc_rental_total(); Type: FUNCTION; Schema: public; Owner: postgres
--

CREATE FUNCTION public.calc_rental_total() RETURNS trigger
    LANGUAGE plpgsql
    AS $$
DECLARE
    hourly DECIMAL;
    hours NUMERIC;
BEGIN
    SELECT hourly_rate INTO hourly FROM Equipment WHERE id = NEW.equipment_id;
    hours := EXTRACT(EPOCH FROM (NEW.end_date - NEW.start_date)) / 3600;
    NEW.total_cost := hourly * hours;
    RETURN NEW;
END;
$$;


ALTER FUNCTION public.calc_rental_total() OWNER TO postgres;

SET default_tablespace = '';

SET default_table_access_method = heap;

--
-- Name: clients; Type: TABLE; Schema: public; Owner: postgres
--

CREATE TABLE public.clients (
    id integer NOT NULL,
    name character varying(100) NOT NULL,
    phone character varying(20) NOT NULL,
    email character varying(100),
    passport_data text,
    username character varying(50),
    password_hash text,
    role text DEFAULT 'User'::text NOT NULL
);


ALTER TABLE public.clients OWNER TO postgres;

--
-- Name: clients_id_seq; Type: SEQUENCE; Schema: public; Owner: postgres
--

CREATE SEQUENCE public.clients_id_seq
    AS integer
    START WITH 1
    INCREMENT BY 1
    NO MINVALUE
    NO MAXVALUE
    CACHE 1;


ALTER SEQUENCE public.clients_id_seq OWNER TO postgres;

--
-- Name: clients_id_seq; Type: SEQUENCE OWNED BY; Schema: public; Owner: postgres
--

ALTER SEQUENCE public.clients_id_seq OWNED BY public.clients.id;


--
-- Name: damages; Type: TABLE; Schema: public; Owner: postgres
--

CREATE TABLE public.damages (
    id integer NOT NULL,
    rental_id integer NOT NULL,
    description text NOT NULL,
    repair_cost numeric(10,2) NOT NULL,
    status character varying(20) DEFAULT 'зафиксировано'::character varying,
    CONSTRAINT damages_repair_cost_check CHECK ((repair_cost >= (0)::numeric)),
    CONSTRAINT damages_status_check CHECK (((status)::text = ANY ((ARRAY['зафиксировано'::character varying, 'устранено'::character varying])::text[])))
);


ALTER TABLE public.damages OWNER TO postgres;

--
-- Name: damages_id_seq; Type: SEQUENCE; Schema: public; Owner: postgres
--

CREATE SEQUENCE public.damages_id_seq
    AS integer
    START WITH 1
    INCREMENT BY 1
    NO MINVALUE
    NO MAXVALUE
    CACHE 1;


ALTER SEQUENCE public.damages_id_seq OWNER TO postgres;

--
-- Name: damages_id_seq; Type: SEQUENCE OWNED BY; Schema: public; Owner: postgres
--

ALTER SEQUENCE public.damages_id_seq OWNED BY public.damages.id;


--
-- Name: equipment; Type: TABLE; Schema: public; Owner: postgres
--

CREATE TABLE public.equipment (
    id integer NOT NULL,
    name character varying(100) NOT NULL,
    type_id integer NOT NULL,
    year integer,
    hourly_rate numeric(10,2) NOT NULL,
    status character varying(20) DEFAULT 'доступен'::character varying,
    owner_id integer,
    last_maintenance_date date,
    CONSTRAINT equipment_hourly_rate_check CHECK ((hourly_rate >= (0)::numeric)),
    CONSTRAINT equipment_status_check CHECK (((status)::text = ANY ((ARRAY['доступен'::character varying, 'в аренде'::character varying, 'на обслуживании'::character varying])::text[]))),
    CONSTRAINT equipment_year_check CHECK ((year > 1950))
);


ALTER TABLE public.equipment OWNER TO postgres;

--
-- Name: equipment_id_seq; Type: SEQUENCE; Schema: public; Owner: postgres
--

CREATE SEQUENCE public.equipment_id_seq
    AS integer
    START WITH 1
    INCREMENT BY 1
    NO MINVALUE
    NO MAXVALUE
    CACHE 1;


ALTER SEQUENCE public.equipment_id_seq OWNER TO postgres;

--
-- Name: equipment_id_seq; Type: SEQUENCE OWNED BY; Schema: public; Owner: postgres
--

ALTER SEQUENCE public.equipment_id_seq OWNED BY public.equipment.id;


--
-- Name: equipmentratings; Type: TABLE; Schema: public; Owner: postgres
--

CREATE TABLE public.equipmentratings (
    equipment_id integer NOT NULL,
    avg_rating numeric(3,2) DEFAULT 0,
    rental_count integer DEFAULT 0,
    CONSTRAINT equipmentratings_avg_rating_check CHECK (((avg_rating >= (0)::numeric) AND (avg_rating <= (5)::numeric)))
);


ALTER TABLE public.equipmentratings OWNER TO postgres;

--
-- Name: equipmenttypes; Type: TABLE; Schema: public; Owner: postgres
--

CREATE TABLE public.equipmenttypes (
    id integer NOT NULL,
    name character varying(50) NOT NULL,
    description text,
    imageurl character varying
);


ALTER TABLE public.equipmenttypes OWNER TO postgres;

--
-- Name: equipmenttypes_id_seq; Type: SEQUENCE; Schema: public; Owner: postgres
--

CREATE SEQUENCE public.equipmenttypes_id_seq
    AS integer
    START WITH 1
    INCREMENT BY 1
    NO MINVALUE
    NO MAXVALUE
    CACHE 1;


ALTER SEQUENCE public.equipmenttypes_id_seq OWNER TO postgres;

--
-- Name: equipmenttypes_id_seq; Type: SEQUENCE OWNED BY; Schema: public; Owner: postgres
--

ALTER SEQUENCE public.equipmenttypes_id_seq OWNED BY public.equipmenttypes.id;


--
-- Name: maintenance; Type: TABLE; Schema: public; Owner: postgres
--

CREATE TABLE public.maintenance (
    id integer NOT NULL,
    equipment_id integer NOT NULL,
    start_date timestamp without time zone NOT NULL,
    end_date timestamp without time zone NOT NULL,
    type character varying(20),
    cost numeric(10,2) NOT NULL,
    CONSTRAINT maintenance_check CHECK ((start_date < end_date)),
    CONSTRAINT maintenance_type_check CHECK (((type)::text = ANY ((ARRAY['плановое'::character varying, 'аварийное'::character varying])::text[])))
);


ALTER TABLE public.maintenance OWNER TO postgres;

--
-- Name: maintenance_id_seq; Type: SEQUENCE; Schema: public; Owner: postgres
--

CREATE SEQUENCE public.maintenance_id_seq
    AS integer
    START WITH 1
    INCREMENT BY 1
    NO MINVALUE
    NO MAXVALUE
    CACHE 1;


ALTER SEQUENCE public.maintenance_id_seq OWNER TO postgres;

--
-- Name: maintenance_id_seq; Type: SEQUENCE OWNED BY; Schema: public; Owner: postgres
--

ALTER SEQUENCE public.maintenance_id_seq OWNED BY public.maintenance.id;


--
-- Name: payments; Type: TABLE; Schema: public; Owner: postgres
--

CREATE TABLE public.payments (
    id integer NOT NULL,
    rental_id integer NOT NULL,
    amount numeric(10,2) NOT NULL,
    payment_date timestamp without time zone DEFAULT CURRENT_TIMESTAMP,
    method character varying(20),
    CONSTRAINT payments_amount_check CHECK ((amount >= (0)::numeric)),
    CONSTRAINT payments_method_check CHECK (((method)::text = ANY ((ARRAY['карта'::character varying, 'наличные'::character varying])::text[])))
);


ALTER TABLE public.payments OWNER TO postgres;

--
-- Name: payments_id_seq; Type: SEQUENCE; Schema: public; Owner: postgres
--

CREATE SEQUENCE public.payments_id_seq
    AS integer
    START WITH 1
    INCREMENT BY 1
    NO MINVALUE
    NO MAXVALUE
    CACHE 1;


ALTER SEQUENCE public.payments_id_seq OWNER TO postgres;

--
-- Name: payments_id_seq; Type: SEQUENCE OWNED BY; Schema: public; Owner: postgres
--

ALTER SEQUENCE public.payments_id_seq OWNED BY public.payments.id;


--
-- Name: rentals; Type: TABLE; Schema: public; Owner: postgres
--

CREATE TABLE public.rentals (
    id integer NOT NULL,
    client_id integer NOT NULL,
    equipment_id integer NOT NULL,
    start_date timestamp without time zone NOT NULL,
    end_date timestamp without time zone NOT NULL,
    total_cost numeric(10,2),
    status character varying(20) DEFAULT 'активно'::character varying,
    CONSTRAINT rentals_check CHECK ((start_date < end_date)),
    CONSTRAINT rentals_status_check CHECK (((status)::text = ANY ((ARRAY['активно'::character varying, 'завершено'::character varying, 'отменено'::character varying])::text[])))
);


ALTER TABLE public.rentals OWNER TO postgres;

--
-- Name: rentals_id_seq; Type: SEQUENCE; Schema: public; Owner: postgres
--

CREATE SEQUENCE public.rentals_id_seq
    AS integer
    START WITH 1
    INCREMENT BY 1
    NO MINVALUE
    NO MAXVALUE
    CACHE 1;


ALTER SEQUENCE public.rentals_id_seq OWNER TO postgres;

--
-- Name: rentals_id_seq; Type: SEQUENCE OWNED BY; Schema: public; Owner: postgres
--

ALTER SEQUENCE public.rentals_id_seq OWNED BY public.rentals.id;


--
-- Name: clients id; Type: DEFAULT; Schema: public; Owner: postgres
--

ALTER TABLE ONLY public.clients ALTER COLUMN id SET DEFAULT nextval('public.clients_id_seq'::regclass);


--
-- Name: damages id; Type: DEFAULT; Schema: public; Owner: postgres
--

ALTER TABLE ONLY public.damages ALTER COLUMN id SET DEFAULT nextval('public.damages_id_seq'::regclass);


--
-- Name: equipment id; Type: DEFAULT; Schema: public; Owner: postgres
--

ALTER TABLE ONLY public.equipment ALTER COLUMN id SET DEFAULT nextval('public.equipment_id_seq'::regclass);


--
-- Name: equipmenttypes id; Type: DEFAULT; Schema: public; Owner: postgres
--

ALTER TABLE ONLY public.equipmenttypes ALTER COLUMN id SET DEFAULT nextval('public.equipmenttypes_id_seq'::regclass);


--
-- Name: maintenance id; Type: DEFAULT; Schema: public; Owner: postgres
--

ALTER TABLE ONLY public.maintenance ALTER COLUMN id SET DEFAULT nextval('public.maintenance_id_seq'::regclass);


--
-- Name: payments id; Type: DEFAULT; Schema: public; Owner: postgres
--

ALTER TABLE ONLY public.payments ALTER COLUMN id SET DEFAULT nextval('public.payments_id_seq'::regclass);


--
-- Name: rentals id; Type: DEFAULT; Schema: public; Owner: postgres
--

ALTER TABLE ONLY public.rentals ALTER COLUMN id SET DEFAULT nextval('public.rentals_id_seq'::regclass);


--
-- Data for Name: clients; Type: TABLE DATA; Schema: public; Owner: postgres
--

COPY public.clients (id, name, phone, email, passport_data, username, password_hash, role) FROM stdin;
22	Dima	89081234567	dima@gmail.com	1222 345678	Dima	$2a$11$XTyOTLvsIPmFQuGgrAd5Aub7itAiLv76ocZFuNHQ0AQCtXs2RQTUO	Admin
23	Дмитрий	89081234567	dima1@gmail.com	\N	Дмитрий	$2a$11$PBs/9tWoYig99m01Cc2q5uqnOwg5MXIrK8vMYiBx0XuEj0Sw9KRB2	User
1	Иван Петров	79161234567	ivan@mail.ru	4510 123456	user1	$2a$11$9nVjW2jT4eKbVJvJZcA6we3Z4l7q9dR5fG7hJkL8mNpQrS6tUvWxYz	User
2	Ольга Сидорова	79162345678	olga@mail.ru	4510 234567	user2	$2a$11$9nVjW2jT4eKbVJvJZcA6we3Z4l7q9dR5fG7hJkL8mNpQrS6tUvWxYz	User
3	Сергей Иванов	79163456789	sergey@mail.ru	4510 345678	user3	$2a$11$9nVjW2jT4eKbVJvJZcA6we3Z4l7q9dR5fG7hJkL8mNpQrS6tUvWxYz	User
4	Анна Козлова	79164567890	anna@mail.ru	4510 456789	user4	$2a$11$9nVjW2jT4eKbVJvJZcA6we3Z4l7q9dR5fG7hJkL8mNpQrS6tUvWxYz	User
5	Дмитрий Соколов	79165678901	dima@mail.ru	4510 567890	user5	$2a$11$9nVjW2jT4eKbVJvJZcA6we3Z4l7q9dR5fG7hJkL8mNpQrS6tUvWxYz	User
6	Елена Михайлова	79166789012	elena@mail.ru	4510 678901	user6	$2a$11$9nVjW2jT4eKbVJvJZcA6we3Z4l7q9dR5fG7hJkL8mNpQrS6tUvWxYz	User
7	Алексей Федоров	79167890123	alex@mail.ru	4510 789012	user7	$2a$11$9nVjW2jT4eKbVJvJZcA6we3Z4l7q9dR5fG7hJkL8mNpQrS6tUvWxYz	User
8	Мария Морозова	79168901234	maria@mail.ru	4510 890123	user8	$2a$11$9nVjW2jT4eKbVJvJZcA6we3Z4l7q9dR5fG7hJkL8mNpQrS6tUvWxYz	User
9	Владимир Волков	79169012345	vova@mail.ru	4510 901234	user9	$2a$11$9nVjW2jT4eKbVJvJZcA6we3Z4l7q9dR5fG7hJkL8mNpQrS6tUvWxYz	User
10	Екатерина Алексеева	79160123456	katya@mail.ru	4510 012345	user10	$2a$11$9nVjW2jT4eKbVJvJZcA6we3Z4l7q9dR5fG7hJkL8mNpQrS6tUvWxYz	User
11	Павел Новиков	79161234568	pavel@mail.ru	4511 123456	user11	$2a$11$9nVjW2jT4eKbVJvJZcA6we3Z4l7q9dR5fG7hJkL8mNpQrS6tUvWxYz	User
12	Татьяна Кузнецова	79162345679	tat@mail.ru	4511 234567	user12	$2a$11$9nVjW2jT4eKbVJvJZcA6we3Z4l7q9dR5fG7hJkL8mNpQrS6tUvWxYz	User
13	Николай Степанов	79163456780	nik@mail.ru	4511 345678	user13	$2a$11$9nVjW2jT4eKbVJvJZcA6we3Z4l7q9dR5fG7hJkL8mNpQrS6tUvWxYz	User
14	Светлана Николаева	79164567891	svet@mail.ru	4511 456789	user14	$2a$11$9nVjW2jT4eKbVJvJZcA6we3Z4l7q9dR5fG7hJkL8mNpQrS6tUvWxYz	User
15	Михаил Захаров	79165678902	misha@mail.ru	4511 567890	user15	$2a$11$9nVjW2jT4eKbVJvJZcA6we3Z4l7q9dR5fG7hJkL8mNpQrS6tUvWxYz	User
16	Людмила Павлова	79166789013	luda@mail.ru	4511 678901	user16	$2a$11$9nVjW2jT4eKbVJvJZcA6we3Z4l7q9dR5fG7hJkL8mNpQrS6tUvWxYz	User
17	Андрей Семенов	79167890124	andrey@mail.ru	4511 789012	user17	$2a$11$9nVjW2jT4eKbVJvJZcA6we3Z4l7q9dR5fG7hJkL8mNpQrS6tUvWxYz	User
19	Константин Григорьев	79169012346	konst@mail.ru	4511 901234	user19	$2a$11$9nVjW2jT4eKbVJvJZcA6we3Z4l7q9dR5fG7hJkL8mNpQrS6tUvWxYz	User
20	Ирина Васильева	79160123457	irina@mail.ru	4511 012345	user20	$2a$11$9nVjW2jT4eKbVJvJZcA6we3Z4l7q9dR5fG7hJkL8mNpQrS6tUvWxYz	User
21	аааооо	89084126241	aaaooo@gmail.com	1223 345678	user21	$2a$11$9nVjW2jT4eKbVJvJZcA6we3Z4l7q9dR5fG7hJkL8mNpQrS6tUvWxYz	User
18	Наталья Егорова	79168901235	nat@mail.ru	4511 890123	user18	$2a$11$9nVjW2jT4eKbVJvJZcA6we3Z4l7q9dR5fG7hJkL8mNpQrS6tUvWxYz	User
24	Дмитрий	89694252228	dimasio@gmail.com	\N	Dimasio	$2a$11$MZevb4WKZ531dsdENcy6gOU51XjZ.niBZJ6VNAYnYzWwdqLI0pym.	User
\.


--
-- Data for Name: damages; Type: TABLE DATA; Schema: public; Owner: postgres
--

COPY public.damages (id, rental_id, description, repair_cost, status) FROM stdin;
1	2	Повреждение 1	2300.00	зафиксировано
2	3	Повреждение 2	2600.00	зафиксировано
3	4	Повреждение 3	2900.00	устранено
4	5	Повреждение 4	3200.00	зафиксировано
5	6	Повреждение 5	3500.00	зафиксировано
6	7	Повреждение 6	3800.00	устранено
7	8	Повреждение 7	4100.00	зафиксировано
8	9	Повреждение 8	4400.00	зафиксировано
9	10	Повреждение 9	4700.00	устранено
10	11	Повреждение 10	5000.00	зафиксировано
11	12	Повреждение 11	5300.00	зафиксировано
12	13	Повреждение 12	5600.00	устранено
13	14	Повреждение 13	5900.00	зафиксировано
14	15	Повреждение 14	6200.00	зафиксировано
15	16	Повреждение 15	6500.00	устранено
16	17	Повреждение 16	6800.00	зафиксировано
17	18	Повреждение 17	7100.00	зафиксировано
18	19	Повреждение 18	7400.00	устранено
19	20	Повреждение 19	7700.00	зафиксировано
20	21	Повреждение 20	8000.00	зафиксировано
21	22	Повреждение 21	8300.00	устранено
22	23	Повреждение 22	8600.00	зафиксировано
23	24	Повреждение 23	8900.00	зафиксировано
24	25	Повреждение 24	9200.00	устранено
25	26	Повреждение 25	9500.00	зафиксировано
\.


--
-- Data for Name: equipment; Type: TABLE DATA; Schema: public; Owner: postgres
--

COPY public.equipment (id, name, type_id, year, hourly_rate, status, owner_id, last_maintenance_date) FROM stdin;
2	Hitachi 102	3	2017	1500.00	на обслуживании	22	2026-01-13
1	Caterpillar 101	2	2016	1250.00	доступен	22	\N
20	Komatsu 120	1	2019	1000.00	доступен	22	\N
22	Hitachi 122	3	2021	1500.00	доступен	22	\N
23	Volvo 123	4	2022	1750.00	в аренде	22	\N
25	Doosan 125	6	2016	2250.00	доступен	22	\N
26	JCB 126	7	2017	2500.00	доступен	22	\N
27	Hyundai 127	8	2018	2750.00	доступен	22	\N
30	Komatsu 130	1	2021	3500.00	доступен	22	\N
31	Caterpillar 131	2	2022	3750.00	доступен	22	\N
32	Hitachi 132	3	2015	4000.00	доступен	22	\N
33	Volvo 133	4	2016	4250.00	в аренде	22	\N
35	Doosan 135	6	2018	4750.00	доступен	22	\N
36	JCB 136	7	2019	5000.00	доступен	22	\N
37	Hyundai 137	8	2020	5250.00	доступен	22	\N
40	Komatsu 140	1	2015	1000.00	доступен	22	\N
41	Caterpillar 141	2	2016	1250.00	доступен	22	\N
42	Hitachi 142	3	2017	1500.00	доступен	22	\N
45	Doosan 145	6	2020	2250.00	доступен	22	\N
46	JCB 146	7	2021	2500.00	доступен	22	\N
39	Lonking 139	10	2022	5750.00	доступен	22	\N
34	Liebherr 134	5	2017	4500.00	доступен	22	\N
24	Liebherr 124	5	2015	2000.00	доступен	22	\N
29	Lonking 129	10	2020	3250.00	доступен	22	\N
44	Liebherr 144	5	2019	2000.00	доступен	22	\N
19	Lonking 119	10	2018	5750.00	доступен	22	\N
43	Volvo 143	4	2018	1750.00	доступен	22	\N
28	XCMG 128	9	2019	3000.00	доступен	22	\N
38	XCMG 138	9	2021	5500.00	доступен	22	\N
21	Caterpillar 121	2	2020	1250.00	доступен	22	\N
5	Doosan 105	6	2020	2250.00	доступен	22	2026-02-15
6	JCB 106	7	2021	2500.00	доступен	22	2026-02-26
7	Hyundai 107	8	2022	2750.00	доступен	22	2026-03-08
10	Komatsu 110	1	2017	3500.00	доступен	22	2026-04-10
11	Caterpillar 111	2	2018	3750.00	доступен	22	2026-04-21
12	Hitachi 112	3	2019	4000.00	доступен	22	2026-05-02
15	Doosan 115	6	2022	4750.00	доступен	22	2026-05-21
16	JCB 116	7	2015	5000.00	доступен	22	2026-06-01
17	Hyundai 117	8	2016	5250.00	доступен	22	2026-06-12
4	Liebherr 104	5	2019	2000.00	доступен	22	2026-02-04
14	Liebherr 114	5	2021	4500.00	доступен	22	2026-05-24
9	Lonking 109	10	2016	3250.00	доступен	22	2026-03-30
8	XCMG 108	9	2015	3000.00	доступен	22	2026-03-19
3	Volvo 103	4	2018	1750.00	доступен	22	2026-01-24
18	XCMG 118	9	2017	5500.00	доступен	22	2026-06-23
13	Volvo 113	4	2020	4250.00	доступен	22	2026-05-13
47	Hyundai 147	8	2022	2750.00	доступен	22	\N
50	Komatsu 150	1	2017	3500.00	доступен	22	\N
51	Caterpillar 151	2	2018	3750.00	доступен	22	\N
52	Hitachi 152	3	2019	4000.00	доступен	22	\N
49	Lonking 149	10	2016	3250.00	доступен	22	\N
48	XCMG 148	9	2015	3000.00	доступен	22	\N
53	Cadilac	1	2020	150000.00	доступен	23	\N
56	Экскаватор22	1	2026	1600.00	доступен	24	2026-06-29
\.


--
-- Data for Name: equipmentratings; Type: TABLE DATA; Schema: public; Owner: postgres
--

COPY public.equipmentratings (equipment_id, avg_rating, rental_count) FROM stdin;
22	3.70	17
42	4.40	12
40	3.68	22
43	3.87	15
15	3.08	14
48	3.98	18
19	3.24	14
5	4.32	15
10	3.44	15
35	4.93	13
50	4.32	20
13	4.65	16
2	3.59	21
38	4.55	23
47	4.67	14
20	3.09	7
18	3.86	17
27	3.61	15
8	3.94	14
52	3.09	18
30	3.21	14
3	4.77	16
17	3.43	15
37	4.24	14
28	3.71	13
45	3.72	17
36	3.19	15
32	4.82	10
12	4.44	13
25	4.37	13
33	4.30	21
23	4.76	17
51	4.03	17
29	4.45	13
4	3.94	14
6	3.47	13
31	4.33	12
14	4.11	16
7	4.33	10
44	4.15	21
11	3.29	16
9	4.64	13
26	4.47	12
21	3.38	11
34	3.00	16
39	3.43	13
16	3.22	20
41	3.89	6
46	4.39	23
24	3.81	20
49	4.67	14
53	4.00	1
1	3.85	22
56	0.00	0
\.


--
-- Data for Name: equipmenttypes; Type: TABLE DATA; Schema: public; Owner: postgres
--

COPY public.equipmenttypes (id, name, description, imageurl) FROM stdin;
1	Экскаватор	Гусеничный или колёсный экскаватор	/images/excavator.jpg
2	Бульдозер	Гусеничный бульдозер	/images/bulldozer.jpg
3	Кран	Автомобильный или гусеничный кран	/images/crane.jpg
4	Погрузчик	Фронтальный погрузчик	/images/forklift.jpg
5	Самосвал	Карьерный самосвал	/images/dump_truck.jpg
6	Каток	Дорожный каток	/images/roller.jpg
7	Асфальтоукладчик	Укладчик асфальта	/images/asphalt_paver.jpg
9	Автовышка	Вышка для работ на высоте	/images/aerial_platform.jpg
10	Генератор	Дизельный генератор	/images/generator.jpg
8	Буровая установка	Установка для бурения скважин	/images/drill_rig.jpg
\.


--
-- Data for Name: maintenance; Type: TABLE DATA; Schema: public; Owner: postgres
--

COPY public.maintenance (id, equipment_id, start_date, end_date, type, cost) FROM stdin;
2	3	2026-01-21 00:00:00	2026-01-24 00:00:00	плановое	5200.00
3	4	2026-01-31 00:00:00	2026-02-04 00:00:00	аварийное	5300.00
4	5	2026-02-10 00:00:00	2026-02-15 00:00:00	плановое	5400.00
5	6	2026-02-20 00:00:00	2026-02-26 00:00:00	плановое	5500.00
6	7	2026-03-01 00:00:00	2026-03-08 00:00:00	аварийное	5600.00
7	8	2026-03-11 00:00:00	2026-03-19 00:00:00	плановое	5700.00
8	9	2026-03-21 00:00:00	2026-03-30 00:00:00	плановое	5800.00
9	10	2026-03-31 00:00:00	2026-04-10 00:00:00	аварийное	5900.00
10	11	2026-04-10 00:00:00	2026-04-21 00:00:00	плановое	6000.00
11	12	2026-04-20 00:00:00	2026-05-02 00:00:00	плановое	6100.00
12	13	2026-04-30 00:00:00	2026-05-13 00:00:00	аварийное	6200.00
13	14	2026-05-10 00:00:00	2026-05-24 00:00:00	плановое	6300.00
14	15	2026-05-20 00:00:00	2026-05-21 00:00:00	плановое	6400.00
15	16	2026-05-30 00:00:00	2026-06-01 00:00:00	аварийное	6500.00
16	17	2026-06-09 00:00:00	2026-06-12 00:00:00	плановое	6600.00
17	18	2026-06-19 00:00:00	2026-06-23 00:00:00	плановое	6700.00
18	19	2026-06-29 00:00:00	2026-07-04 00:00:00	аварийное	6800.00
19	20	2026-07-09 00:00:00	2026-07-15 00:00:00	плановое	6900.00
20	21	2026-07-19 00:00:00	2026-07-26 00:00:00	плановое	7000.00
21	22	2026-07-29 00:00:00	2026-08-06 00:00:00	аварийное	7100.00
22	23	2026-08-08 00:00:00	2026-08-17 00:00:00	плановое	7200.00
23	24	2026-08-18 00:00:00	2026-08-28 00:00:00	плановое	7300.00
24	25	2026-08-28 00:00:00	2026-09-08 00:00:00	аварийное	7400.00
25	26	2026-09-07 00:00:00	2026-09-19 00:00:00	плановое	7500.00
26	27	2026-09-17 00:00:00	2026-09-30 00:00:00	плановое	7600.00
27	28	2026-09-27 00:00:00	2026-10-11 00:00:00	аварийное	7700.00
28	29	2026-10-07 00:00:00	2026-10-08 00:00:00	плановое	7800.00
29	30	2026-10-17 00:00:00	2026-10-19 00:00:00	плановое	7900.00
30	31	2026-10-27 00:00:00	2026-10-30 00:00:00	аварийное	8000.00
1	2	2026-07-01 00:00:00	2026-07-02 18:00:00	плановое	5100.00
\.


--
-- Data for Name: payments; Type: TABLE DATA; Schema: public; Owner: postgres
--

COPY public.payments (id, rental_id, amount, payment_date, method) FROM stdin;
1	1	72000.00	2024-01-03 00:00:00	карта
2	2	126000.00	2024-01-04 00:00:00	карта
3	3	192000.00	2024-01-05 00:00:00	наличные
4	4	270000.00	2024-01-06 00:00:00	карта
5	5	360000.00	2024-01-07 00:00:00	карта
6	6	462000.00	2024-01-08 00:00:00	наличные
7	8	702000.00	2024-01-10 00:00:00	карта
8	9	840000.00	2024-01-11 00:00:00	наличные
9	10	990000.00	2024-01-12 00:00:00	карта
10	11	1152000.00	2024-01-13 00:00:00	карта
11	12	1326000.00	2024-01-14 00:00:00	наличные
12	13	1512000.00	2024-01-15 00:00:00	карта
13	15	240000.00	2024-01-17 00:00:00	наличные
14	16	378000.00	2024-01-18 00:00:00	карта
15	17	528000.00	2024-01-19 00:00:00	карта
16	18	690000.00	2024-01-20 00:00:00	наличные
17	19	144000.00	2024-01-21 00:00:00	карта
18	20	210000.00	2024-01-22 00:00:00	карта
19	22	378000.00	2024-01-24 00:00:00	карта
20	23	480000.00	2024-01-25 00:00:00	карта
21	24	594000.00	2024-01-26 00:00:00	наличные
22	25	720000.00	2024-01-27 00:00:00	карта
23	26	858000.00	2024-01-28 00:00:00	карта
24	27	1008000.00	2024-01-29 00:00:00	наличные
25	29	168000.00	2024-01-31 00:00:00	карта
26	30	270000.00	2024-02-01 00:00:00	наличные
27	31	384000.00	2024-02-02 00:00:00	карта
28	32	510000.00	2024-02-03 00:00:00	карта
29	33	648000.00	2024-02-04 00:00:00	наличные
30	34	798000.00	2024-02-05 00:00:00	карта
31	36	1134000.00	2024-02-07 00:00:00	наличные
32	37	1320000.00	2024-02-08 00:00:00	карта
33	38	1518000.00	2024-02-09 00:00:00	карта
34	39	288000.00	2024-02-10 00:00:00	наличные
35	40	390000.00	2024-02-11 00:00:00	карта
36	41	504000.00	2024-02-12 00:00:00	карта
37	43	96000.00	2024-02-14 00:00:00	карта
38	44	162000.00	2024-02-15 00:00:00	карта
39	45	240000.00	2024-02-16 00:00:00	наличные
40	46	330000.00	2024-02-17 00:00:00	карта
41	47	432000.00	2024-02-18 00:00:00	карта
42	48	546000.00	2024-02-19 00:00:00	наличные
43	50	810000.00	2024-02-21 00:00:00	карта
44	51	960000.00	2024-02-22 00:00:00	наличные
45	52	330000.00	2024-02-23 00:00:00	карта
46	53	432000.00	2024-02-24 00:00:00	карта
47	54	546000.00	2024-02-25 00:00:00	наличные
48	55	672000.00	2024-02-26 00:00:00	карта
49	57	120000.00	2024-02-28 00:00:00	наличные
50	58	198000.00	2024-02-29 00:00:00	карта
51	59	288000.00	2024-03-01 00:00:00	карта
52	60	390000.00	2024-03-02 00:00:00	наличные
53	61	504000.00	2024-03-03 00:00:00	карта
54	62	630000.00	2024-03-04 00:00:00	карта
55	64	918000.00	2024-03-06 00:00:00	карта
56	65	1080000.00	2024-03-07 00:00:00	карта
57	66	1254000.00	2024-03-08 00:00:00	наличные
58	67	1440000.00	2024-03-09 00:00:00	карта
59	68	1638000.00	2024-03-10 00:00:00	карта
60	69	1848000.00	2024-03-11 00:00:00	наличные
61	71	48000.00	2024-03-13 00:00:00	карта
62	72	90000.00	2024-03-14 00:00:00	наличные
63	73	144000.00	2024-03-15 00:00:00	карта
64	74	210000.00	2024-03-16 00:00:00	карта
65	75	288000.00	2024-03-17 00:00:00	наличные
66	76	378000.00	2024-03-18 00:00:00	карта
67	78	594000.00	2024-03-20 00:00:00	наличные
68	79	720000.00	2024-03-21 00:00:00	карта
69	80	858000.00	2024-03-22 00:00:00	карта
70	81	1008000.00	2024-03-23 00:00:00	наличные
71	82	1170000.00	2024-03-24 00:00:00	карта
72	83	1344000.00	2024-03-25 00:00:00	карта
73	85	216000.00	2024-03-27 00:00:00	карта
74	86	342000.00	2024-03-28 00:00:00	карта
75	87	480000.00	2024-03-29 00:00:00	наличные
76	88	630000.00	2024-03-30 00:00:00	карта
77	89	792000.00	2024-03-31 00:00:00	карта
78	90	966000.00	2024-04-01 00:00:00	наличные
79	92	270000.00	2024-04-03 00:00:00	карта
80	93	360000.00	2024-04-04 00:00:00	наличные
81	94	462000.00	2024-04-05 00:00:00	карта
82	95	576000.00	2024-04-06 00:00:00	карта
83	96	702000.00	2024-04-07 00:00:00	наличные
84	97	840000.00	2024-04-08 00:00:00	карта
85	99	144000.00	2024-04-10 00:00:00	наличные
86	100	234000.00	2024-04-11 00:00:00	карта
87	101	336000.00	2024-04-12 00:00:00	карта
88	102	450000.00	2024-04-13 00:00:00	наличные
89	103	576000.00	2024-04-14 00:00:00	карта
90	104	210000.00	2024-04-15 00:00:00	карта
91	106	378000.00	2024-04-17 00:00:00	карта
92	107	480000.00	2024-04-18 00:00:00	карта
93	108	594000.00	2024-04-19 00:00:00	наличные
94	109	720000.00	2024-04-20 00:00:00	карта
95	110	858000.00	2024-04-21 00:00:00	карта
96	113	3600000.00	2026-06-28 23:16:22.215357	карта
97	114	5000.00	2026-06-28 23:18:41.056583	карта
98	1116	31250.00	2026-06-30 22:51:20.326697	карта
99	1116	31000.00	2026-06-30 22:53:51.942836	карта
100	1115	1.00	2026-06-30 22:59:03.46584	карта
101	1117	120000.00	2026-06-30 23:00:03.90186	карта
102	1119	5000.00	2026-06-30 23:18:55.878366	карта
103	1121	20.83	2026-07-01 15:20:51.435846	карта
\.


--
-- Data for Name: rentals; Type: TABLE DATA; Schema: public; Owner: postgres
--

COPY public.rentals (id, client_id, equipment_id, start_date, end_date, total_cost, status) FROM stdin;
1115	24	1	2026-06-30 22:13:00	2026-07-01 22:13:00	30000.00	отменено
1116	24	1	2026-06-30 22:35:00	2026-07-02 02:35:00	31250.00	отменено
1117	24	21	2026-06-30 22:59:00	2026-07-04 22:59:00	120000.00	отменено
2	3	3	2025-05-09 10:00:00	2025-05-12 10:00:00	126000.00	завершено
6	7	7	2025-11-06 15:00:00	2025-11-07 15:00:00	66000.00	завершено
7	8	8	2025-07-15 13:00:00	2025-07-22 13:00:00	504000.00	завершено
9	10	10	2025-05-03 18:00:00	2025-05-05 18:00:00	168000.00	завершено
13	14	14	2026-03-28 19:00:00	2026-03-29 19:00:00	108000.00	завершено
20	1	21	2026-03-21 17:00:00	2026-03-31 17:00:00	300000.00	завершено
23	4	24	2025-09-21 09:00:00	2025-09-23 09:00:00	96000.00	завершено
38	19	39	2025-11-18 18:00:00	2025-11-24 18:00:00	828000.00	завершено
42	3	43	2025-07-23 17:00:00	2025-08-02 17:00:00	420000.00	завершено
46	7	47	2025-12-19 19:00:00	2025-12-23 19:00:00	264000.00	завершено
49	10	50	2025-05-08 18:00:00	2025-05-11 18:00:00	252000.00	завершено
51	12	52	2025-08-01 14:00:00	2025-08-11 14:00:00	960000.00	завершено
60	1	9	2025-10-26 20:00:00	2025-11-01 20:00:00	468000.00	завершено
80	1	29	2025-08-11 11:00:00	2025-08-16 11:00:00	390000.00	завершено
86	7	35	2026-01-20 15:00:00	2026-01-24 15:00:00	456000.00	завершено
93	14	42	2026-03-25 19:00:00	2026-04-04 19:00:00	360000.00	завершено
94	15	43	2025-11-09 10:00:00	2025-11-10 10:00:00	42000.00	завершено
95	16	44	2026-05-05 11:00:00	2026-05-14 11:00:00	432000.00	завершено
113	23	53	2026-01-11 13:00:00	2026-01-19 13:00:00	28800000.00	завершено
114	23	53	2026-05-17 20:00:00	2026-05-23 20:00:00	21600000.00	завершено
193	12	35	2026-04-11 17:00:00	2026-04-15 17:00:00	456000.00	завершено
205	7	19	2026-04-25 08:00:00	2026-04-26 08:00:00	138000.00	завершено
214	2	17	2025-09-16 17:00:00	2025-09-23 17:00:00	882000.00	завершено
216	14	34	2025-06-24 17:00:00	2025-07-03 17:00:00	972000.00	завершено
218	19	43	2025-07-13 08:00:00	2025-07-18 08:00:00	210000.00	завершено
224	2	28	2026-04-21 10:00:00	2026-04-23 10:00:00	144000.00	завершено
226	4	22	2025-10-23 19:00:00	2025-11-01 19:00:00	324000.00	завершено
228	1	5	2025-08-10 18:00:00	2025-08-15 18:00:00	270000.00	завершено
231	7	34	2026-02-11 20:00:00	2026-02-15 20:00:00	432000.00	завершено
232	6	34	2025-05-26 13:00:00	2025-05-30 13:00:00	432000.00	завершено
233	14	15	2025-09-28 11:00:00	2025-10-05 11:00:00	798000.00	завершено
239	6	38	2025-12-22 08:00:00	2025-12-23 08:00:00	132000.00	завершено
244	20	14	2026-01-31 18:00:00	2026-02-05 18:00:00	540000.00	завершено
249	6	7	2025-10-28 13:00:00	2025-11-03 13:00:00	396000.00	завершено
252	3	30	2026-04-08 09:00:00	2026-04-15 09:00:00	588000.00	завершено
256	20	2	2025-11-11 08:00:00	2025-11-20 08:00:00	324000.00	завершено
259	14	51	2025-04-04 09:00:00	2025-04-06 09:00:00	180000.00	завершено
264	12	43	2025-06-22 17:00:00	2025-06-26 17:00:00	168000.00	завершено
276	8	9	2025-09-09 08:00:00	2025-09-17 08:00:00	624000.00	завершено
278	9	29	2026-02-13 12:00:00	2026-02-17 12:00:00	312000.00	завершено
284	6	15	2026-01-15 19:00:00	2026-01-22 19:00:00	798000.00	завершено
285	9	29	2025-07-16 13:00:00	2025-07-26 13:00:00	780000.00	завершено
286	7	28	2025-12-08 18:00:00	2025-12-11 18:00:00	216000.00	завершено
293	9	14	2025-05-29 09:00:00	2025-06-07 09:00:00	972000.00	завершено
304	13	4	2025-09-21 10:00:00	2025-09-23 10:00:00	96000.00	завершено
305	3	50	2026-02-04 15:00:00	2026-02-10 15:00:00	504000.00	завершено
312	4	7	2026-01-22 15:00:00	2026-01-25 15:00:00	198000.00	завершено
314	6	11	2025-06-07 09:00:00	2025-06-16 09:00:00	810000.00	завершено
315	4	50	2025-07-29 09:00:00	2025-08-01 09:00:00	252000.00	завершено
321	8	34	2026-01-12 16:00:00	2026-01-15 16:00:00	324000.00	завершено
324	13	41	2026-01-19 08:00:00	2026-01-24 08:00:00	150000.00	завершено
334	4	20	2026-05-11 10:00:00	2026-05-16 10:00:00	120000.00	завершено
338	8	27	2025-05-22 13:00:00	2025-05-31 13:00:00	594000.00	завершено
339	3	34	2026-01-30 15:00:00	2026-02-02 15:00:00	324000.00	завершено
346	15	9	2025-12-28 12:00:00	2025-12-31 12:00:00	234000.00	завершено
348	4	29	2025-11-24 10:00:00	2025-12-03 10:00:00	702000.00	завершено
353	1	37	2025-09-12 19:00:00	2025-09-22 19:00:00	1260000.00	завершено
354	9	35	2026-05-24 18:00:00	2026-06-01 18:00:00	912000.00	завершено
356	8	14	2025-12-02 18:00:00	2025-12-12 18:00:00	1080000.00	завершено
357	5	39	2025-11-22 12:00:00	2025-11-23 12:00:00	138000.00	завершено
358	19	43	2025-07-08 15:00:00	2025-07-17 15:00:00	378000.00	завершено
359	17	9	2026-03-04 11:00:00	2026-03-08 11:00:00	312000.00	завершено
368	15	19	2025-09-22 16:00:00	2025-09-27 16:00:00	690000.00	завершено
372	8	3	2025-10-11 09:00:00	2025-10-13 09:00:00	84000.00	завершено
375	1	9	2026-05-28 20:00:00	2026-06-07 20:00:00	780000.00	завершено
377	1	24	2026-01-03 12:00:00	2026-01-13 12:00:00	480000.00	завершено
384	1	28	2025-09-17 18:00:00	2025-09-27 18:00:00	720000.00	завершено
389	17	36	2025-07-03 20:00:00	2025-07-06 20:00:00	360000.00	завершено
393	10	24	2026-01-02 10:00:00	2026-01-09 10:00:00	336000.00	завершено
402	10	9	2025-08-14 19:00:00	2025-08-24 19:00:00	780000.00	завершено
408	7	46	2025-12-29 16:00:00	2026-01-02 16:00:00	240000.00	завершено
416	5	29	2026-03-23 19:00:00	2026-03-26 19:00:00	234000.00	завершено
427	14	42	2026-05-15 15:00:00	2026-05-25 15:00:00	360000.00	завершено
435	7	51	2025-08-04 11:00:00	2025-08-12 11:00:00	720000.00	завершено
445	14	15	2026-02-16 09:00:00	2026-02-21 09:00:00	570000.00	завершено
448	19	19	2025-09-30 10:00:00	2025-10-08 10:00:00	1104000.00	завершено
450	10	31	2026-05-20 15:00:00	2026-05-30 15:00:00	900000.00	завершено
456	14	27	2025-05-14 13:00:00	2025-05-20 13:00:00	396000.00	завершено
457	20	47	2025-05-14 11:00:00	2025-05-15 11:00:00	66000.00	завершено
469	7	24	2025-04-16 16:00:00	2025-04-26 16:00:00	480000.00	завершено
476	1	39	2026-05-18 20:00:00	2026-05-22 20:00:00	552000.00	завершено
477	5	14	2026-05-22 10:00:00	2026-05-30 10:00:00	864000.00	завершено
490	2	10	2025-04-16 11:00:00	2025-04-23 11:00:00	588000.00	завершено
494	3	26	2025-09-03 09:00:00	2025-09-08 09:00:00	300000.00	завершено
496	2	28	2026-04-29 10:00:00	2026-05-07 10:00:00	576000.00	завершено
498	12	32	2025-09-30 17:00:00	2025-10-09 17:00:00	864000.00	завершено
507	11	21	2026-06-04 11:00:00	2026-06-13 11:00:00	270000.00	завершено
508	8	29	2025-04-11 11:00:00	2025-04-14 11:00:00	234000.00	завершено
515	18	24	2026-03-20 18:00:00	2026-03-28 18:00:00	384000.00	завершено
516	4	38	2026-05-18 13:00:00	2026-05-20 13:00:00	264000.00	завершено
517	2	25	2025-09-23 08:00:00	2025-10-02 08:00:00	486000.00	завершено
519	12	46	2025-08-25 12:00:00	2025-09-04 12:00:00	600000.00	завершено
522	4	52	2026-02-04 10:00:00	2026-02-05 10:00:00	96000.00	завершено
525	6	9	2026-05-08 19:00:00	2026-05-12 19:00:00	312000.00	завершено
531	14	31	2026-06-11 13:00:00	2026-06-20 13:00:00	810000.00	завершено
537	17	42	2025-11-23 18:00:00	2025-11-26 18:00:00	108000.00	завершено
540	12	32	2026-03-05 16:00:00	2026-03-09 16:00:00	384000.00	завершено
543	7	18	2025-10-30 15:00:00	2025-11-05 15:00:00	792000.00	завершено
548	7	46	2026-01-19 18:00:00	2026-01-21 18:00:00	120000.00	завершено
550	2	47	2025-10-24 14:00:00	2025-10-31 14:00:00	462000.00	завершено
561	13	26	2025-11-20 15:00:00	2025-11-23 15:00:00	180000.00	завершено
566	9	32	2025-04-26 18:00:00	2025-04-28 18:00:00	192000.00	завершено
574	10	34	2025-10-25 08:00:00	2025-10-28 08:00:00	324000.00	завершено
575	11	21	2025-07-08 18:00:00	2025-07-09 18:00:00	30000.00	завершено
576	3	8	2025-08-27 13:00:00	2025-09-05 13:00:00	648000.00	завершено
582	3	40	2026-04-13 15:00:00	2026-04-19 15:00:00	144000.00	завершено
597	3	6	2025-04-07 17:00:00	2025-04-10 17:00:00	180000.00	завершено
602	19	7	2026-05-02 20:00:00	2026-05-08 20:00:00	396000.00	завершено
605	7	38	2025-12-25 14:00:00	2025-12-30 14:00:00	660000.00	завершено
615	2	48	2025-06-20 09:00:00	2025-06-28 09:00:00	576000.00	завершено
617	9	47	2025-04-26 18:00:00	2025-04-29 18:00:00	198000.00	завершено
618	12	32	2026-02-24 12:00:00	2026-03-05 12:00:00	864000.00	завершено
620	2	41	2025-08-04 16:00:00	2025-08-07 16:00:00	90000.00	завершено
621	5	43	2025-09-06 18:00:00	2025-09-07 18:00:00	42000.00	завершено
625	11	36	2025-07-11 18:00:00	2025-07-21 18:00:00	1200000.00	завершено
632	2	6	2025-06-14 08:00:00	2025-06-17 08:00:00	180000.00	завершено
646	15	35	2026-05-06 18:00:00	2026-05-09 18:00:00	342000.00	завершено
654	17	4	2026-03-20 12:00:00	2026-03-26 12:00:00	288000.00	завершено
665	16	51	2026-01-10 18:00:00	2026-01-15 18:00:00	450000.00	завершено
668	7	43	2025-05-26 15:00:00	2025-06-01 15:00:00	252000.00	завершено
671	12	5	2025-04-29 20:00:00	2025-05-02 20:00:00	162000.00	завершено
672	15	5	2026-02-18 11:00:00	2026-02-23 11:00:00	270000.00	завершено
682	4	51	2025-11-06 12:00:00	2025-11-14 12:00:00	720000.00	завершено
685	16	15	2025-12-21 15:00:00	2025-12-25 15:00:00	456000.00	завершено
687	16	38	2025-09-20 13:00:00	2025-09-21 13:00:00	132000.00	завершено
691	17	30	2025-08-13 12:00:00	2025-08-22 12:00:00	756000.00	завершено
692	9	35	2026-05-03 09:00:00	2026-05-09 09:00:00	684000.00	завершено
696	11	2	2025-12-02 20:00:00	2025-12-11 20:00:00	324000.00	завершено
702	14	52	2025-05-02 14:00:00	2025-05-07 14:00:00	480000.00	завершено
705	11	28	2025-04-29 15:00:00	2025-05-07 15:00:00	576000.00	завершено
713	1	50	2026-04-11 08:00:00	2026-04-13 08:00:00	168000.00	завершено
716	19	44	2025-07-28 17:00:00	2025-08-02 17:00:00	240000.00	завершено
719	6	19	2025-05-16 10:00:00	2025-05-17 10:00:00	138000.00	завершено
731	6	22	2025-05-26 12:00:00	2025-06-01 12:00:00	216000.00	завершено
737	14	6	2025-06-02 11:00:00	2025-06-05 11:00:00	180000.00	завершено
739	9	45	2025-11-10 14:00:00	2025-11-16 14:00:00	324000.00	завершено
742	16	42	2025-11-04 16:00:00	2025-11-12 16:00:00	288000.00	завершено
744	8	22	2025-05-26 18:00:00	2025-06-02 18:00:00	252000.00	завершено
746	6	9	2025-06-20 09:00:00	2025-06-26 09:00:00	468000.00	завершено
749	5	16	2026-04-03 14:00:00	2026-04-11 14:00:00	960000.00	завершено
750	13	13	2026-05-24 19:00:00	2026-05-28 19:00:00	408000.00	завершено
757	1	50	2025-12-05 20:00:00	2025-12-12 20:00:00	588000.00	завершено
758	8	45	2025-11-17 19:00:00	2025-11-22 19:00:00	270000.00	завершено
760	20	37	2025-06-13 19:00:00	2025-06-21 19:00:00	1008000.00	завершено
769	17	11	2026-03-11 10:00:00	2026-03-19 10:00:00	720000.00	завершено
775	16	36	2025-06-03 14:00:00	2025-06-10 14:00:00	840000.00	завершено
780	17	39	2026-06-11 11:00:00	2026-06-16 11:00:00	690000.00	завершено
796	5	15	2025-05-06 15:00:00	2025-05-16 15:00:00	1140000.00	завершено
803	18	40	2025-07-10 20:00:00	2025-07-11 20:00:00	24000.00	завершено
804	20	7	2025-04-22 19:00:00	2025-04-29 19:00:00	462000.00	завершено
811	2	4	2025-12-15 14:00:00	2025-12-18 14:00:00	144000.00	завершено
814	16	30	2025-07-29 11:00:00	2025-08-05 11:00:00	588000.00	завершено
815	1	31	2025-04-06 20:00:00	2025-04-07 20:00:00	90000.00	завершено
817	1	3	2026-06-18 12:00:00	2026-06-19 12:00:00	42000.00	завершено
823	5	44	2025-09-10 19:00:00	2025-09-20 19:00:00	480000.00	завершено
829	10	32	2026-05-13 12:00:00	2026-05-15 12:00:00	192000.00	завершено
837	9	49	2025-05-17 10:00:00	2025-05-24 10:00:00	546000.00	завершено
840	11	44	2025-06-11 19:00:00	2025-06-16 19:00:00	240000.00	завершено
843	5	40	2026-01-28 19:00:00	2026-02-04 19:00:00	168000.00	завершено
849	9	42	2025-11-07 13:00:00	2025-11-17 13:00:00	360000.00	завершено
851	11	35	2025-09-15 19:00:00	2025-09-18 19:00:00	342000.00	завершено
854	12	43	2026-05-02 20:00:00	2026-05-04 20:00:00	84000.00	завершено
855	13	15	2026-05-15 10:00:00	2026-05-18 10:00:00	342000.00	завершено
868	15	24	2025-12-15 11:00:00	2025-12-21 11:00:00	288000.00	завершено
869	14	38	2025-04-15 16:00:00	2025-04-22 16:00:00	924000.00	завершено
878	9	40	2026-04-14 20:00:00	2026-04-24 20:00:00	240000.00	завершено
883	13	52	2025-04-30 08:00:00	2025-05-08 08:00:00	768000.00	завершено
885	17	33	2026-02-21 17:00:00	2026-02-26 17:00:00	510000.00	завершено
892	13	47	2025-10-10 20:00:00	2025-10-13 20:00:00	198000.00	завершено
894	1	8	2026-01-23 10:00:00	2026-01-27 10:00:00	288000.00	завершено
895	13	35	2026-01-04 17:00:00	2026-01-08 17:00:00	456000.00	завершено
900	15	6	2025-05-01 12:00:00	2025-05-08 12:00:00	420000.00	завершено
909	8	30	2025-11-14 14:00:00	2025-11-24 14:00:00	840000.00	завершено
917	2	36	2026-01-28 17:00:00	2026-02-02 17:00:00	600000.00	завершено
918	7	16	2025-09-23 09:00:00	2025-10-02 09:00:00	1080000.00	завершено
920	16	19	2025-05-13 20:00:00	2025-05-15 20:00:00	276000.00	завершено
924	18	26	2025-12-06 13:00:00	2025-12-15 13:00:00	540000.00	завершено
927	9	49	2025-11-08 11:00:00	2025-11-14 11:00:00	468000.00	завершено
930	5	24	2025-08-06 16:00:00	2025-08-11 16:00:00	240000.00	завершено
931	12	18	2025-05-04 14:00:00	2025-05-14 14:00:00	1320000.00	завершено
933	4	12	2025-10-26 19:00:00	2025-10-30 19:00:00	384000.00	завершено
934	11	21	2026-05-21 13:00:00	2026-05-31 13:00:00	300000.00	завершено
939	7	11	2026-05-29 15:00:00	2026-06-08 15:00:00	900000.00	завершено
947	8	6	2025-04-14 20:00:00	2025-04-18 20:00:00	240000.00	завершено
956	4	24	2026-02-07 19:00:00	2026-02-13 19:00:00	288000.00	завершено
959	2	14	2025-08-22 12:00:00	2025-08-28 12:00:00	648000.00	завершено
965	7	3	2026-04-04 13:00:00	2026-04-11 13:00:00	294000.00	завершено
966	13	47	2026-02-21 09:00:00	2026-02-24 09:00:00	198000.00	завершено
973	6	12	2026-04-11 08:00:00	2026-04-14 08:00:00	288000.00	завершено
976	15	21	2025-12-03 10:00:00	2025-12-12 10:00:00	270000.00	завершено
977	13	49	2026-06-21 14:00:00	2026-06-28 14:00:00	546000.00	завершено
981	11	16	2025-05-28 14:00:00	2025-05-31 14:00:00	360000.00	завершено
982	12	11	2025-12-24 12:00:00	2025-12-30 12:00:00	540000.00	завершено
984	12	3	2026-05-25 15:00:00	2026-05-30 15:00:00	210000.00	завершено
985	13	51	2026-06-01 15:00:00	2026-06-04 15:00:00	270000.00	завершено
988	12	10	2026-06-03 16:00:00	2026-06-09 16:00:00	504000.00	завершено
990	8	35	2025-11-19 10:00:00	2025-11-24 10:00:00	570000.00	завершено
995	3	39	2026-03-25 11:00:00	2026-03-31 11:00:00	828000.00	завершено
997	3	22	2025-10-27 15:00:00	2025-11-04 15:00:00	288000.00	завершено
1004	14	30	2025-10-16 20:00:00	2025-10-25 20:00:00	756000.00	завершено
1005	6	50	2025-05-21 10:00:00	2025-05-25 10:00:00	336000.00	завершено
1007	20	32	2026-05-09 09:00:00	2026-05-13 09:00:00	384000.00	завершено
1023	14	33	2026-03-09 08:00:00	2026-03-10 08:00:00	102000.00	завершено
1028	16	37	2026-03-14 18:00:00	2026-03-17 18:00:00	378000.00	завершено
1038	16	50	2025-08-23 19:00:00	2025-08-31 19:00:00	672000.00	завершено
1040	3	43	2025-06-24 09:00:00	2025-06-27 09:00:00	126000.00	завершено
1041	8	9	2026-02-09 10:00:00	2026-02-19 10:00:00	780000.00	завершено
1048	20	47	2026-01-28 17:00:00	2026-02-03 17:00:00	396000.00	завершено
1050	4	51	2026-03-27 11:00:00	2026-03-31 11:00:00	360000.00	завершено
1064	11	33	2026-06-21 09:00:00	2026-06-29 09:00:00	816000.00	завершено
1065	7	41	2026-02-15 08:00:00	2026-02-22 08:00:00	210000.00	завершено
1068	5	50	2026-03-01 11:00:00	2026-03-11 11:00:00	840000.00	завершено
1077	16	22	2025-12-21 16:00:00	2025-12-28 16:00:00	252000.00	завершено
1085	4	6	2025-05-16 12:00:00	2025-05-19 12:00:00	180000.00	завершено
1089	11	29	2025-11-01 12:00:00	2025-11-06 12:00:00	390000.00	завершено
1092	7	7	2025-10-14 14:00:00	2025-10-20 14:00:00	396000.00	завершено
1118	24	53	2026-06-30 23:15:00	2026-07-01 23:15:00	3600000.00	отменено
1119	24	53	2026-06-30 23:18:00	2026-06-30 23:20:00	5000.00	завершено
1120	24	53	2026-07-01 23:20:00	2026-07-02 23:20:00	3600000.00	активно
1121	24	1	2026-07-01 15:20:00	2026-07-01 15:21:00	20.83	завершено
121	5	47	2025-05-16 16:00:00	2025-05-21 16:00:00	330000.00	завершено
128	7	33	2025-06-09 08:00:00	2025-06-17 08:00:00	816000.00	завершено
145	1	14	2025-04-08 15:00:00	2025-04-17 15:00:00	972000.00	завершено
147	7	7	2025-09-08 14:00:00	2025-09-17 14:00:00	594000.00	завершено
152	10	48	2026-04-17 12:00:00	2026-04-23 12:00:00	432000.00	завершено
155	18	9	2025-04-23 16:00:00	2025-04-25 16:00:00	156000.00	завершено
157	4	1	2025-12-08 14:00:00	2025-12-09 14:00:00	30000.00	завершено
158	19	7	2025-09-28 12:00:00	2025-10-06 12:00:00	528000.00	завершено
159	6	16	2025-09-11 13:00:00	2025-09-21 13:00:00	1200000.00	завершено
162	14	47	2026-01-16 18:00:00	2026-01-18 18:00:00	132000.00	завершено
166	7	25	2025-10-26 20:00:00	2025-11-01 20:00:00	324000.00	завершено
178	11	26	2025-12-31 20:00:00	2026-01-05 20:00:00	300000.00	завершено
184	2	8	2025-09-24 13:00:00	2025-09-25 13:00:00	72000.00	завершено
186	18	26	2026-01-11 11:00:00	2026-01-16 11:00:00	300000.00	завершено
115	2	12	2025-07-11 15:00:00	2025-07-17 15:00:00	576000.00	завершено
116	16	18	2026-02-20 08:00:00	2026-02-24 08:00:00	528000.00	завершено
117	18	24	2026-05-31 16:00:00	2026-06-04 16:00:00	192000.00	завершено
118	2	18	2025-12-10 08:00:00	2025-12-12 08:00:00	264000.00	завершено
119	18	8	2025-05-31 16:00:00	2025-06-04 16:00:00	288000.00	завершено
120	10	15	2025-06-15 14:00:00	2025-06-18 14:00:00	342000.00	завершено
122	19	2	2025-09-19 13:00:00	2025-09-27 13:00:00	288000.00	завершено
123	7	12	2025-11-16 15:00:00	2025-11-25 15:00:00	864000.00	завершено
124	12	38	2025-04-10 12:00:00	2025-04-18 12:00:00	1056000.00	завершено
125	10	15	2026-03-03 08:00:00	2026-03-11 08:00:00	912000.00	завершено
126	13	49	2026-07-30 20:00:00	2026-08-09 20:00:00	780000.00	активно
127	5	38	2025-06-09 17:00:00	2025-06-15 17:00:00	792000.00	завершено
129	16	49	2026-01-04 12:00:00	2026-01-08 12:00:00	312000.00	завершено
130	6	38	2026-09-15 20:00:00	2026-09-24 20:00:00	1188000.00	завершено
131	3	2	2026-09-05 20:00:00	2026-09-06 20:00:00	36000.00	завершено
132	4	30	2026-04-17 11:00:00	2026-04-25 11:00:00	672000.00	завершено
133	6	52	2026-09-09 08:00:00	2026-09-10 08:00:00	96000.00	активно
134	11	3	2026-06-29 08:00:00	2026-07-04 08:00:00	210000.00	завершено
135	8	10	2026-09-08 20:00:00	2026-09-15 20:00:00	588000.00	завершено
136	14	6	2026-01-08 13:00:00	2026-01-15 13:00:00	420000.00	завершено
137	8	35	2026-03-22 11:00:00	2026-03-31 11:00:00	1026000.00	завершено
138	4	7	2026-03-17 19:00:00	2026-03-23 19:00:00	396000.00	отменено
139	16	33	2026-03-08 16:00:00	2026-03-18 16:00:00	1020000.00	завершено
140	2	13	2026-03-07 11:00:00	2026-03-14 11:00:00	714000.00	завершено
141	2	48	2026-04-17 13:00:00	2026-04-22 13:00:00	360000.00	завершено
142	20	37	2026-09-08 17:00:00	2026-09-10 17:00:00	252000.00	активно
143	19	30	2025-11-20 18:00:00	2025-11-30 18:00:00	840000.00	завершено
144	7	13	2025-10-11 09:00:00	2025-10-15 09:00:00	408000.00	завершено
146	19	4	2025-05-13 09:00:00	2025-05-23 09:00:00	480000.00	завершено
148	1	21	2026-09-28 10:00:00	2026-10-08 10:00:00	300000.00	активно
149	2	14	2026-07-19 12:00:00	2026-07-25 12:00:00	648000.00	завершено
150	1	11	2025-05-16 10:00:00	2025-05-23 10:00:00	630000.00	завершено
151	20	36	2026-09-05 17:00:00	2026-09-13 17:00:00	960000.00	завершено
153	11	1	2026-07-15 12:00:00	2026-07-22 12:00:00	210000.00	активно
154	10	44	2026-05-10 19:00:00	2026-05-11 19:00:00	48000.00	завершено
156	17	29	2026-06-17 12:00:00	2026-06-25 12:00:00	624000.00	завершено
160	15	2	2025-12-15 18:00:00	2025-12-22 18:00:00	252000.00	завершено
161	9	51	2026-05-17 19:00:00	2026-05-22 19:00:00	450000.00	завершено
163	9	37	2026-07-07 11:00:00	2026-07-08 11:00:00	126000.00	завершено
164	11	47	2025-12-31 11:00:00	2026-01-03 11:00:00	198000.00	завершено
165	5	11	2026-09-17 11:00:00	2026-09-19 11:00:00	180000.00	завершено
167	18	43	2025-05-21 20:00:00	2025-05-24 20:00:00	126000.00	завершено
168	9	1	2026-07-31 17:00:00	2026-08-10 17:00:00	300000.00	завершено
169	13	50	2026-06-19 17:00:00	2026-06-24 17:00:00	420000.00	завершено
170	16	51	2026-03-13 19:00:00	2026-03-16 19:00:00	270000.00	завершено
171	20	27	2026-07-21 17:00:00	2026-07-22 17:00:00	66000.00	завершено
172	20	46	2025-04-18 14:00:00	2025-04-22 14:00:00	240000.00	завершено
173	17	19	2025-07-13 14:00:00	2025-07-23 14:00:00	1380000.00	завершено
174	9	3	2026-03-21 08:00:00	2026-03-28 08:00:00	294000.00	завершено
175	19	1	2026-09-21 09:00:00	2026-10-01 09:00:00	300000.00	завершено
176	8	51	2026-04-10 11:00:00	2026-04-16 11:00:00	540000.00	завершено
177	19	2	2026-04-14 16:00:00	2026-04-17 16:00:00	108000.00	завершено
179	3	48	2025-06-01 13:00:00	2025-06-07 13:00:00	432000.00	завершено
180	17	51	2025-07-24 10:00:00	2025-07-28 10:00:00	360000.00	завершено
181	4	33	2026-04-20 08:00:00	2026-04-27 08:00:00	714000.00	завершено
182	5	34	2026-07-13 16:00:00	2026-07-17 16:00:00	432000.00	завершено
183	20	29	2025-04-15 08:00:00	2025-04-17 08:00:00	156000.00	завершено
185	5	6	2025-08-17 08:00:00	2025-08-18 08:00:00	60000.00	завершено
187	10	38	2025-05-17 10:00:00	2025-05-18 10:00:00	132000.00	завершено
188	7	45	2025-04-11 11:00:00	2025-04-18 11:00:00	378000.00	завершено
189	8	33	2026-09-19 20:00:00	2026-09-24 20:00:00	510000.00	активно
190	5	13	2026-04-22 11:00:00	2026-04-27 11:00:00	510000.00	завершено
191	4	3	2026-05-16 20:00:00	2026-05-25 20:00:00	378000.00	завершено
192	6	14	2026-05-08 20:00:00	2026-05-16 20:00:00	864000.00	завершено
194	13	47	2026-07-19 13:00:00	2026-07-20 13:00:00	66000.00	завершено
195	5	9	2026-06-23 19:00:00	2026-07-02 19:00:00	702000.00	завершено
196	11	11	2025-08-17 13:00:00	2025-08-23 13:00:00	540000.00	завершено
197	12	25	2026-01-18 14:00:00	2026-01-23 14:00:00	270000.00	завершено
198	3	26	2025-12-10 08:00:00	2025-12-15 08:00:00	300000.00	завершено
199	5	31	2025-06-06 13:00:00	2025-06-07 13:00:00	90000.00	завершено
200	7	28	2025-10-19 08:00:00	2025-10-28 08:00:00	648000.00	завершено
201	5	17	2026-04-26 15:00:00	2026-04-27 15:00:00	126000.00	завершено
202	20	38	2025-11-21 12:00:00	2025-11-28 12:00:00	924000.00	завершено
203	7	30	2026-03-10 15:00:00	2026-03-18 15:00:00	672000.00	завершено
204	7	48	2026-05-17 17:00:00	2026-05-18 17:00:00	72000.00	завершено
206	8	28	2026-08-27 11:00:00	2026-09-01 11:00:00	360000.00	завершено
207	20	22	2025-09-13 08:00:00	2025-09-14 08:00:00	36000.00	завершено
208	10	10	2025-09-07 18:00:00	2025-09-17 18:00:00	840000.00	завершено
209	5	42	2026-03-07 09:00:00	2026-03-14 09:00:00	252000.00	завершено
210	9	52	2026-07-15 20:00:00	2026-07-17 20:00:00	192000.00	завершено
211	19	38	2026-08-02 14:00:00	2026-08-04 14:00:00	264000.00	завершено
212	17	46	2026-03-24 19:00:00	2026-03-31 19:00:00	420000.00	завершено
213	19	10	2025-05-14 13:00:00	2025-05-24 13:00:00	840000.00	завершено
215	7	46	2025-08-01 09:00:00	2025-08-08 09:00:00	420000.00	завершено
217	2	46	2026-09-09 15:00:00	2026-09-16 15:00:00	420000.00	завершено
219	16	16	2025-08-07 17:00:00	2025-08-10 17:00:00	360000.00	завершено
112	22	1	2025-07-15 14:00:00	2025-07-24 14:00:00	270000.00	завершено
1	2	2	2025-10-30 08:00:00	2025-11-04 08:00:00	180000.00	завершено
3	4	4	2026-02-02 15:00:00	2026-02-11 15:00:00	432000.00	завершено
4	5	5	2026-01-15 13:00:00	2026-01-16 13:00:00	54000.00	завершено
5	6	6	2025-08-21 17:00:00	2025-08-27 17:00:00	360000.00	завершено
8	9	9	2025-06-21 16:00:00	2025-06-30 16:00:00	702000.00	завершено
10	11	11	2026-07-06 11:00:00	2026-07-08 11:00:00	180000.00	активно
11	12	12	2025-09-15 08:00:00	2025-09-25 08:00:00	960000.00	завершено
12	13	13	2026-04-10 11:00:00	2026-04-20 11:00:00	1020000.00	завершено
14	15	15	2025-11-30 14:00:00	2025-12-10 14:00:00	1140000.00	завершено
15	16	16	2026-08-20 17:00:00	2026-08-30 17:00:00	1200000.00	завершено
16	17	17	2026-01-03 08:00:00	2026-01-10 08:00:00	882000.00	завершено
17	18	18	2025-04-10 16:00:00	2025-04-17 16:00:00	924000.00	завершено
18	19	19	2026-09-18 17:00:00	2026-09-28 17:00:00	1380000.00	отменено
19	20	20	2025-07-15 20:00:00	2025-07-21 20:00:00	144000.00	завершено
21	2	22	2026-09-08 18:00:00	2026-09-17 18:00:00	324000.00	завершено
22	3	23	2025-12-11 09:00:00	2025-12-20 09:00:00	378000.00	завершено
24	5	25	2026-05-28 14:00:00	2026-05-29 14:00:00	54000.00	завершено
25	6	26	2026-08-07 08:00:00	2026-08-09 08:00:00	120000.00	активно
26	7	27	2026-07-16 12:00:00	2026-07-19 12:00:00	198000.00	завершено
27	8	28	2026-06-06 14:00:00	2026-06-09 14:00:00	216000.00	завершено
28	9	29	2026-07-21 13:00:00	2026-07-28 13:00:00	546000.00	завершено
29	10	30	2026-06-09 10:00:00	2026-06-10 10:00:00	84000.00	завершено
30	11	31	2025-11-09 19:00:00	2025-11-19 19:00:00	900000.00	завершено
31	12	32	2025-11-27 11:00:00	2025-12-01 11:00:00	384000.00	завершено
32	13	33	2026-09-16 13:00:00	2026-09-21 13:00:00	510000.00	завершено
33	14	34	2026-07-21 10:00:00	2026-07-22 10:00:00	108000.00	завершено
34	15	35	2026-08-25 17:00:00	2026-09-04 17:00:00	1140000.00	завершено
35	16	36	2026-07-24 15:00:00	2026-07-31 15:00:00	840000.00	завершено
36	17	37	2026-06-03 12:00:00	2026-06-04 12:00:00	126000.00	завершено
37	18	38	2026-08-17 15:00:00	2026-08-25 15:00:00	1056000.00	активно
39	20	40	2025-06-29 19:00:00	2025-07-07 19:00:00	192000.00	завершено
40	1	41	2026-05-07 12:00:00	2026-05-13 12:00:00	180000.00	завершено
41	2	42	2026-09-03 19:00:00	2026-09-12 19:00:00	324000.00	завершено
43	4	44	2026-02-26 12:00:00	2026-03-05 12:00:00	336000.00	завершено
44	5	45	2026-04-30 14:00:00	2026-05-05 14:00:00	270000.00	завершено
45	6	46	2025-07-05 08:00:00	2025-07-14 08:00:00	540000.00	завершено
47	8	48	2026-01-01 15:00:00	2026-01-09 15:00:00	576000.00	завершено
48	9	49	2025-10-23 17:00:00	2025-11-02 17:00:00	780000.00	завершено
50	11	51	2025-10-02 08:00:00	2025-10-03 08:00:00	90000.00	завершено
52	13	1	2025-12-29 11:00:00	2026-01-04 11:00:00	180000.00	завершено
53	14	2	2025-12-11 19:00:00	2025-12-16 19:00:00	180000.00	завершено
54	15	3	2025-11-15 08:00:00	2025-11-22 08:00:00	294000.00	завершено
55	16	4	2025-10-31 13:00:00	2025-11-04 13:00:00	192000.00	завершено
56	17	5	2025-04-19 09:00:00	2025-04-23 09:00:00	216000.00	завершено
57	18	6	2026-02-02 16:00:00	2026-02-08 16:00:00	360000.00	завершено
58	19	7	2026-06-09 19:00:00	2026-06-11 19:00:00	132000.00	завершено
59	20	8	2026-01-24 14:00:00	2026-02-02 14:00:00	648000.00	завершено
61	2	10	2025-10-23 17:00:00	2025-10-29 17:00:00	504000.00	завершено
62	3	11	2026-03-09 16:00:00	2026-03-18 16:00:00	810000.00	завершено
63	4	12	2026-01-29 10:00:00	2026-02-08 10:00:00	960000.00	завершено
64	5	13	2026-03-09 20:00:00	2026-03-11 20:00:00	204000.00	завершено
65	6	14	2025-08-06 14:00:00	2025-08-14 14:00:00	864000.00	завершено
66	7	15	2026-08-10 08:00:00	2026-08-13 08:00:00	342000.00	активно
67	8	16	2025-09-28 08:00:00	2025-10-03 08:00:00	600000.00	завершено
68	9	17	2026-01-11 17:00:00	2026-01-14 17:00:00	378000.00	завершено
69	10	18	2026-08-03 18:00:00	2026-08-04 18:00:00	132000.00	завершено
70	11	19	2026-07-06 16:00:00	2026-07-13 16:00:00	966000.00	завершено
71	12	20	2025-06-18 16:00:00	2025-06-19 16:00:00	24000.00	завершено
72	13	21	2026-09-12 08:00:00	2026-09-15 08:00:00	90000.00	активно
73	14	22	2025-12-22 14:00:00	2025-12-27 14:00:00	180000.00	завершено
74	15	23	2025-05-27 19:00:00	2025-05-29 19:00:00	84000.00	завершено
75	16	24	2025-10-16 12:00:00	2025-10-23 12:00:00	336000.00	завершено
76	17	25	2026-08-11 18:00:00	2026-08-18 18:00:00	378000.00	завершено
97	18	46	2026-04-08 13:00:00	2026-04-11 13:00:00	180000.00	завершено
98	19	47	2026-08-30 11:00:00	2026-09-08 11:00:00	594000.00	завершено
77	18	26	2025-07-11 15:00:00	2025-07-12 15:00:00	60000.00	завершено
78	19	27	2026-02-24 10:00:00	2026-03-04 10:00:00	528000.00	завершено
79	20	28	2026-08-04 13:00:00	2026-08-14 13:00:00	720000.00	завершено
81	2	30	2026-09-22 09:00:00	2026-09-29 09:00:00	588000.00	завершено
82	3	31	2026-06-04 16:00:00	2026-06-09 16:00:00	450000.00	завершено
83	4	32	2026-04-01 20:00:00	2026-04-11 20:00:00	960000.00	завершено
84	5	33	2026-09-30 18:00:00	2026-10-08 18:00:00	816000.00	завершено
85	6	34	2025-12-24 19:00:00	2026-01-01 19:00:00	864000.00	завершено
87	8	36	2026-05-04 17:00:00	2026-05-07 17:00:00	360000.00	завершено
88	9	37	2026-05-05 19:00:00	2026-05-08 19:00:00	378000.00	завершено
89	10	38	2026-01-05 10:00:00	2026-01-14 10:00:00	1188000.00	завершено
90	11	39	2025-08-25 17:00:00	2025-09-04 17:00:00	1380000.00	завершено
91	12	40	2025-05-18 16:00:00	2025-05-25 16:00:00	168000.00	завершено
92	13	41	2026-01-03 11:00:00	2026-01-04 11:00:00	30000.00	завершено
96	17	45	2025-11-15 11:00:00	2025-11-23 11:00:00	432000.00	завершено
99	20	48	2026-01-18 10:00:00	2026-01-20 10:00:00	144000.00	завершено
100	1	49	2025-12-11 20:00:00	2025-12-16 20:00:00	390000.00	завершено
101	2	50	2026-01-03 12:00:00	2026-01-13 12:00:00	840000.00	завершено
102	3	51	2025-04-22 19:00:00	2025-04-29 19:00:00	630000.00	завершено
103	4	52	2026-07-01 08:00:00	2026-07-10 08:00:00	864000.00	завершено
104	5	1	2025-08-11 20:00:00	2025-08-18 20:00:00	210000.00	отменено
105	6	2	2026-09-10 08:00:00	2026-09-19 08:00:00	324000.00	завершено
106	7	3	2026-02-03 19:00:00	2026-02-04 19:00:00	42000.00	завершено
107	8	4	2026-09-11 20:00:00	2026-09-20 20:00:00	432000.00	активно
108	9	5	2025-06-13 19:00:00	2025-06-19 19:00:00	324000.00	завершено
109	10	6	2026-01-13 17:00:00	2026-01-16 17:00:00	180000.00	завершено
110	11	7	2026-06-20 10:00:00	2026-06-22 10:00:00	132000.00	завершено
111	1	5	2025-07-31 14:00:00	2025-08-05 14:00:00	270000.00	завершено
220	13	46	2025-06-17 10:00:00	2025-06-25 10:00:00	480000.00	завершено
221	1	22	2026-02-25 20:00:00	2026-03-01 20:00:00	144000.00	завершено
222	16	38	2025-06-01 18:00:00	2025-06-09 18:00:00	1056000.00	завершено
223	9	15	2025-06-18 18:00:00	2025-06-25 18:00:00	798000.00	завершено
225	14	40	2025-10-22 12:00:00	2025-10-30 12:00:00	192000.00	завершено
227	2	33	2026-04-17 12:00:00	2026-04-23 12:00:00	612000.00	завершено
229	3	15	2026-06-10 20:00:00	2026-06-15 20:00:00	570000.00	завершено
230	5	47	2025-12-31 17:00:00	2026-01-07 17:00:00	462000.00	завершено
234	4	21	2025-04-08 10:00:00	2025-04-18 10:00:00	300000.00	завершено
235	20	10	2025-11-27 10:00:00	2025-12-02 10:00:00	420000.00	завершено
236	8	36	2026-06-07 10:00:00	2026-06-15 10:00:00	960000.00	завершено
237	7	29	2026-07-17 12:00:00	2026-07-18 12:00:00	78000.00	активно
238	10	8	2025-11-02 09:00:00	2025-11-07 09:00:00	360000.00	завершено
240	12	1	2025-10-25 20:00:00	2025-10-28 20:00:00	90000.00	завершено
241	11	3	2025-08-26 16:00:00	2025-09-04 16:00:00	378000.00	завершено
242	8	30	2026-04-14 15:00:00	2026-04-22 15:00:00	672000.00	завершено
243	1	49	2026-07-18 18:00:00	2026-07-26 18:00:00	624000.00	завершено
245	12	39	2026-06-04 09:00:00	2026-06-10 09:00:00	828000.00	завершено
246	14	15	2025-11-21 10:00:00	2025-11-28 10:00:00	798000.00	завершено
247	15	35	2026-05-20 12:00:00	2026-05-27 12:00:00	798000.00	завершено
248	9	38	2026-06-17 10:00:00	2026-06-21 10:00:00	528000.00	завершено
250	6	9	2025-05-07 15:00:00	2025-05-17 15:00:00	780000.00	завершено
251	19	50	2025-08-31 09:00:00	2025-09-02 09:00:00	168000.00	завершено
253	6	24	2025-08-22 15:00:00	2025-08-29 15:00:00	336000.00	завершено
254	8	46	2026-04-11 18:00:00	2026-04-20 18:00:00	540000.00	завершено
255	9	36	2026-03-02 15:00:00	2026-03-09 15:00:00	840000.00	завершено
257	17	8	2025-10-22 20:00:00	2025-10-31 20:00:00	648000.00	отменено
258	18	9	2025-05-25 20:00:00	2025-05-30 20:00:00	390000.00	завершено
260	15	20	2026-05-08 14:00:00	2026-05-15 14:00:00	168000.00	завершено
261	5	25	2025-10-10 17:00:00	2025-10-18 17:00:00	432000.00	завершено
262	17	6	2026-01-30 15:00:00	2026-02-02 15:00:00	180000.00	завершено
263	12	8	2025-08-09 12:00:00	2025-08-12 12:00:00	216000.00	завершено
265	19	16	2025-11-23 18:00:00	2025-11-25 18:00:00	240000.00	завершено
266	4	7	2025-08-09 13:00:00	2025-08-19 13:00:00	660000.00	завершено
267	15	41	2025-11-21 14:00:00	2025-11-23 14:00:00	60000.00	завершено
268	1	49	2025-05-22 16:00:00	2025-06-01 16:00:00	780000.00	завершено
269	8	15	2026-08-15 16:00:00	2026-08-18 16:00:00	342000.00	завершено
270	14	23	2026-07-27 16:00:00	2026-07-29 16:00:00	84000.00	завершено
271	2	39	2026-06-24 13:00:00	2026-06-28 13:00:00	552000.00	завершено
272	13	24	2026-07-20 14:00:00	2026-07-27 14:00:00	336000.00	завершено
273	14	47	2026-07-05 12:00:00	2026-07-11 12:00:00	396000.00	завершено
274	20	45	2026-03-01 19:00:00	2026-03-11 19:00:00	540000.00	завершено
275	11	40	2026-03-07 08:00:00	2026-03-11 08:00:00	96000.00	завершено
277	11	31	2025-09-17 19:00:00	2025-09-26 19:00:00	810000.00	завершено
279	8	47	2026-06-25 11:00:00	2026-07-05 11:00:00	660000.00	завершено
280	13	2	2026-05-28 20:00:00	2026-06-05 20:00:00	288000.00	завершено
281	18	4	2026-07-06 20:00:00	2026-07-15 20:00:00	432000.00	завершено
282	11	7	2025-10-06 12:00:00	2025-10-07 12:00:00	66000.00	завершено
283	1	44	2026-06-01 19:00:00	2026-06-11 19:00:00	480000.00	завершено
287	14	18	2025-08-12 20:00:00	2025-08-21 20:00:00	1188000.00	завершено
288	5	30	2025-04-13 09:00:00	2025-04-14 09:00:00	84000.00	завершено
289	15	13	2025-05-21 15:00:00	2025-05-29 15:00:00	816000.00	завершено
290	12	18	2025-08-23 17:00:00	2025-08-26 17:00:00	396000.00	завершено
291	10	45	2026-09-30 15:00:00	2026-10-10 15:00:00	540000.00	активно
292	1	42	2026-06-28 11:00:00	2026-06-29 11:00:00	36000.00	завершено
294	8	36	2025-09-14 14:00:00	2025-09-21 14:00:00	840000.00	завершено
295	11	8	2026-05-06 08:00:00	2026-05-07 08:00:00	72000.00	завершено
296	14	24	2025-11-23 20:00:00	2025-11-29 20:00:00	288000.00	завершено
297	11	46	2026-08-08 19:00:00	2026-08-17 19:00:00	540000.00	завершено
298	15	3	2026-05-05 09:00:00	2026-05-06 09:00:00	42000.00	завершено
299	2	15	2026-03-21 19:00:00	2026-03-29 19:00:00	912000.00	завершено
300	19	12	2026-07-21 10:00:00	2026-07-24 10:00:00	288000.00	активно
301	1	45	2025-08-16 15:00:00	2025-08-22 15:00:00	324000.00	завершено
302	2	22	2025-09-19 11:00:00	2025-09-28 11:00:00	324000.00	завершено
303	17	19	2026-05-29 14:00:00	2026-06-08 14:00:00	1380000.00	завершено
306	14	2	2025-04-29 12:00:00	2025-05-09 12:00:00	360000.00	завершено
307	8	4	2026-07-06 17:00:00	2026-07-12 17:00:00	288000.00	завершено
308	13	24	2026-06-18 17:00:00	2026-06-24 17:00:00	288000.00	завершено
309	13	50	2026-03-18 19:00:00	2026-03-27 19:00:00	756000.00	завершено
310	10	18	2026-04-04 13:00:00	2026-04-11 13:00:00	924000.00	завершено
311	16	38	2026-05-07 08:00:00	2026-05-16 08:00:00	1188000.00	завершено
313	18	1	2026-08-17 20:00:00	2026-08-19 20:00:00	60000.00	активно
316	1	40	2026-04-16 10:00:00	2026-04-17 10:00:00	24000.00	завершено
317	18	32	2025-09-21 13:00:00	2025-09-30 13:00:00	864000.00	завершено
318	2	34	2026-03-05 14:00:00	2026-03-10 14:00:00	540000.00	завершено
319	20	12	2026-05-14 13:00:00	2026-05-20 13:00:00	576000.00	завершено
320	16	32	2026-08-12 09:00:00	2026-08-17 09:00:00	480000.00	завершено
322	14	23	2026-03-18 09:00:00	2026-03-28 09:00:00	420000.00	завершено
323	8	38	2026-08-02 17:00:00	2026-08-09 17:00:00	924000.00	завершено
325	18	2	2026-06-08 18:00:00	2026-06-14 18:00:00	216000.00	завершено
326	11	3	2025-06-28 11:00:00	2025-07-06 11:00:00	336000.00	завершено
327	20	11	2026-07-09 09:00:00	2026-07-11 09:00:00	180000.00	завершено
328	5	43	2025-06-22 08:00:00	2025-06-25 08:00:00	126000.00	завершено
329	13	42	2025-11-27 15:00:00	2025-11-30 15:00:00	108000.00	завершено
330	17	16	2025-07-19 13:00:00	2025-07-21 13:00:00	240000.00	завершено
331	11	9	2025-08-27 10:00:00	2025-09-06 10:00:00	780000.00	завершено
332	17	45	2026-08-12 08:00:00	2026-08-17 08:00:00	270000.00	активно
333	20	40	2025-11-06 10:00:00	2025-11-10 10:00:00	96000.00	завершено
335	3	36	2025-07-02 09:00:00	2025-07-04 09:00:00	240000.00	завершено
336	8	11	2025-10-21 16:00:00	2025-10-25 16:00:00	360000.00	завершено
337	2	8	2025-05-08 11:00:00	2025-05-09 11:00:00	72000.00	завершено
340	17	36	2026-08-13 19:00:00	2026-08-15 19:00:00	240000.00	завершено
341	16	18	2026-02-04 11:00:00	2026-02-10 11:00:00	792000.00	завершено
342	9	31	2025-12-19 08:00:00	2025-12-24 08:00:00	450000.00	завершено
343	6	48	2025-12-21 08:00:00	2025-12-24 08:00:00	216000.00	завершено
344	4	30	2026-09-22 18:00:00	2026-09-30 18:00:00	672000.00	завершено
345	16	25	2025-07-02 19:00:00	2025-07-06 19:00:00	216000.00	завершено
347	5	18	2026-09-19 15:00:00	2026-09-23 15:00:00	528000.00	активно
349	2	1	2025-06-20 11:00:00	2025-06-24 11:00:00	120000.00	завершено
350	16	43	2026-05-21 19:00:00	2026-05-25 19:00:00	168000.00	завершено
351	12	33	2026-01-14 15:00:00	2026-01-16 15:00:00	204000.00	завершено
352	11	36	2026-08-09 10:00:00	2026-08-12 10:00:00	360000.00	завершено
355	19	51	2026-01-03 08:00:00	2026-01-13 08:00:00	900000.00	завершено
360	18	46	2025-09-29 14:00:00	2025-09-30 14:00:00	60000.00	завершено
361	16	52	2026-01-29 09:00:00	2026-02-01 09:00:00	288000.00	завершено
362	10	16	2025-05-25 15:00:00	2025-05-27 15:00:00	240000.00	завершено
363	10	40	2026-09-15 14:00:00	2026-09-22 14:00:00	168000.00	завершено
364	5	38	2026-01-14 17:00:00	2026-01-24 17:00:00	1320000.00	отменено
365	12	22	2026-09-13 10:00:00	2026-09-17 10:00:00	144000.00	завершено
366	9	18	2026-01-29 14:00:00	2026-02-06 14:00:00	1056000.00	завершено
367	7	7	2026-08-23 18:00:00	2026-08-30 18:00:00	462000.00	завершено
369	15	34	2025-08-04 11:00:00	2025-08-06 11:00:00	216000.00	завершено
370	16	44	2025-09-25 14:00:00	2025-09-27 14:00:00	96000.00	завершено
371	16	52	2025-05-04 10:00:00	2025-05-14 10:00:00	960000.00	завершено
373	9	7	2026-07-17 10:00:00	2026-07-21 10:00:00	264000.00	завершено
374	13	23	2026-05-22 10:00:00	2026-05-28 10:00:00	252000.00	завершено
376	17	32	2026-05-20 08:00:00	2026-05-30 08:00:00	960000.00	завершено
378	17	52	2026-06-02 10:00:00	2026-06-11 10:00:00	864000.00	завершено
379	2	9	2026-04-05 18:00:00	2026-04-09 18:00:00	312000.00	завершено
380	3	32	2026-03-13 18:00:00	2026-03-19 18:00:00	576000.00	завершено
381	19	18	2026-09-10 10:00:00	2026-09-11 10:00:00	132000.00	завершено
382	11	26	2026-06-03 15:00:00	2026-06-13 15:00:00	600000.00	завершено
383	14	32	2026-08-07 12:00:00	2026-08-12 12:00:00	480000.00	активно
385	13	41	2025-11-11 10:00:00	2025-11-18 10:00:00	210000.00	завершено
386	11	49	2025-05-31 20:00:00	2025-06-07 20:00:00	546000.00	завершено
387	12	39	2025-09-13 20:00:00	2025-09-20 20:00:00	966000.00	завершено
388	19	13	2026-06-23 14:00:00	2026-07-01 14:00:00	816000.00	завершено
390	20	23	2026-08-03 11:00:00	2026-08-07 11:00:00	168000.00	завершено
391	9	52	2026-09-13 15:00:00	2026-09-14 15:00:00	96000.00	завершено
392	13	44	2025-04-16 12:00:00	2025-04-23 12:00:00	336000.00	отменено
394	5	51	2025-04-08 14:00:00	2025-04-17 14:00:00	810000.00	завершено
395	8	28	2025-12-30 13:00:00	2025-12-31 13:00:00	72000.00	завершено
396	6	35	2025-10-09 18:00:00	2025-10-15 18:00:00	684000.00	завершено
397	12	40	2025-05-23 18:00:00	2025-06-02 18:00:00	240000.00	завершено
398	1	23	2025-12-30 17:00:00	2026-01-09 17:00:00	420000.00	завершено
399	15	39	2025-07-09 11:00:00	2025-07-18 11:00:00	1242000.00	завершено
400	6	44	2026-08-31 13:00:00	2026-09-04 13:00:00	192000.00	завершено
401	17	12	2026-07-15 09:00:00	2026-07-18 09:00:00	288000.00	активно
403	19	31	2026-09-03 20:00:00	2026-09-12 20:00:00	810000.00	активно
404	15	2	2025-11-12 13:00:00	2025-11-20 13:00:00	288000.00	завершено
405	10	8	2026-03-10 10:00:00	2026-03-13 10:00:00	216000.00	завершено
406	18	45	2026-02-09 10:00:00	2026-02-13 10:00:00	216000.00	завершено
407	4	50	2026-04-07 17:00:00	2026-04-14 17:00:00	588000.00	завершено
409	10	48	2026-09-25 16:00:00	2026-10-03 16:00:00	576000.00	завершено
410	5	37	2026-05-20 14:00:00	2026-05-26 14:00:00	756000.00	завершено
411	12	50	2026-03-19 15:00:00	2026-03-28 15:00:00	756000.00	отменено
412	8	38	2025-06-29 20:00:00	2025-07-08 20:00:00	1188000.00	завершено
413	3	51	2025-12-10 12:00:00	2025-12-16 12:00:00	540000.00	завершено
414	5	4	2026-05-29 08:00:00	2026-06-05 08:00:00	336000.00	завершено
415	20	6	2025-12-01 18:00:00	2025-12-11 18:00:00	600000.00	завершено
417	1	3	2025-09-17 18:00:00	2025-09-25 18:00:00	336000.00	завершено
418	10	5	2025-11-19 13:00:00	2025-11-21 13:00:00	108000.00	завершено
419	9	22	2026-02-04 18:00:00	2026-02-12 18:00:00	288000.00	завершено
420	7	17	2025-10-06 18:00:00	2025-10-07 18:00:00	126000.00	завершено
421	17	33	2026-07-04 08:00:00	2026-07-14 08:00:00	1020000.00	завершено
422	8	21	2025-10-26 11:00:00	2025-10-28 11:00:00	60000.00	завершено
423	9	47	2026-05-24 10:00:00	2026-05-31 10:00:00	462000.00	завершено
424	17	14	2025-08-28 14:00:00	2025-08-29 14:00:00	108000.00	завершено
425	20	12	2025-07-29 10:00:00	2025-08-05 10:00:00	672000.00	завершено
426	20	51	2025-06-07 20:00:00	2025-06-08 20:00:00	90000.00	завершено
428	11	30	2026-07-28 12:00:00	2026-08-06 12:00:00	756000.00	завершено
429	2	21	2026-08-13 08:00:00	2026-08-21 08:00:00	240000.00	завершено
430	6	45	2026-01-06 10:00:00	2026-01-11 10:00:00	270000.00	завершено
431	12	46	2026-08-26 16:00:00	2026-09-02 16:00:00	420000.00	завершено
432	11	12	2026-07-07 20:00:00	2026-07-16 20:00:00	864000.00	завершено
433	15	24	2025-08-29 13:00:00	2025-09-04 13:00:00	288000.00	завершено
434	20	50	2026-05-16 12:00:00	2026-05-18 12:00:00	168000.00	завершено
436	3	24	2026-07-23 09:00:00	2026-07-30 09:00:00	336000.00	завершено
437	18	50	2025-09-28 13:00:00	2025-09-29 13:00:00	84000.00	завершено
438	15	25	2025-09-10 08:00:00	2025-09-17 08:00:00	378000.00	завершено
439	1	33	2025-06-20 17:00:00	2025-06-22 17:00:00	204000.00	отменено
440	10	34	2025-10-18 20:00:00	2025-10-21 20:00:00	324000.00	завершено
441	1	3	2026-06-10 11:00:00	2026-06-12 11:00:00	84000.00	завершено
442	1	38	2026-06-22 17:00:00	2026-06-28 17:00:00	792000.00	завершено
443	12	1	2025-10-23 18:00:00	2025-11-02 18:00:00	300000.00	завершено
444	2	19	2025-12-31 18:00:00	2026-01-08 18:00:00	1104000.00	завершено
446	9	10	2026-05-11 18:00:00	2026-05-14 18:00:00	252000.00	завершено
447	6	44	2025-08-11 12:00:00	2025-08-21 12:00:00	480000.00	завершено
449	15	38	2026-05-20 08:00:00	2026-05-24 08:00:00	528000.00	завершено
451	19	39	2025-08-12 18:00:00	2025-08-14 18:00:00	276000.00	завершено
452	2	51	2026-07-03 15:00:00	2026-07-09 15:00:00	540000.00	завершено
453	14	1	2025-09-01 16:00:00	2025-09-09 16:00:00	240000.00	завершено
454	9	2	2026-04-22 20:00:00	2026-05-02 20:00:00	360000.00	завершено
455	16	10	2025-07-08 17:00:00	2025-07-11 17:00:00	252000.00	завершено
458	10	38	2025-08-26 18:00:00	2025-09-01 18:00:00	792000.00	завершено
459	8	22	2025-06-19 18:00:00	2025-06-26 18:00:00	252000.00	завершено
460	19	34	2026-03-06 13:00:00	2026-03-15 13:00:00	972000.00	завершено
461	17	24	2025-07-21 11:00:00	2025-07-30 11:00:00	432000.00	завершено
462	20	43	2026-04-08 08:00:00	2026-04-11 08:00:00	126000.00	завершено
463	20	21	2025-08-26 19:00:00	2025-08-27 19:00:00	30000.00	завершено
464	11	2	2025-07-13 13:00:00	2025-07-18 13:00:00	180000.00	завершено
465	15	43	2026-09-27 10:00:00	2026-10-05 10:00:00	336000.00	активно
466	2	34	2026-07-13 20:00:00	2026-07-15 20:00:00	216000.00	завершено
467	17	14	2025-05-07 18:00:00	2025-05-15 18:00:00	864000.00	завершено
468	17	13	2026-05-29 11:00:00	2026-06-07 11:00:00	918000.00	завершено
470	14	26	2025-04-21 14:00:00	2025-04-29 14:00:00	480000.00	завершено
471	15	16	2025-05-30 16:00:00	2025-06-02 16:00:00	360000.00	завершено
472	18	22	2025-09-01 13:00:00	2025-09-05 13:00:00	144000.00	завершено
473	7	48	2026-09-19 09:00:00	2026-09-22 09:00:00	216000.00	завершено
474	17	44	2026-06-01 20:00:00	2026-06-06 20:00:00	240000.00	завершено
475	11	50	2026-06-04 13:00:00	2026-06-10 13:00:00	504000.00	завершено
478	17	51	2026-04-05 12:00:00	2026-04-06 12:00:00	90000.00	отменено
479	15	23	2025-05-16 10:00:00	2025-05-18 10:00:00	84000.00	завершено
480	9	18	2025-04-03 09:00:00	2025-04-10 09:00:00	924000.00	завершено
481	18	46	2026-07-09 19:00:00	2026-07-19 19:00:00	600000.00	завершено
482	3	23	2025-11-24 12:00:00	2025-12-03 12:00:00	378000.00	завершено
483	12	14	2026-07-14 19:00:00	2026-07-16 19:00:00	216000.00	завершено
484	16	10	2026-07-10 20:00:00	2026-07-12 20:00:00	168000.00	завершено
485	14	49	2026-06-06 09:00:00	2026-06-07 09:00:00	78000.00	завершено
486	10	16	2026-01-20 19:00:00	2026-01-24 19:00:00	480000.00	завершено
487	4	43	2025-05-30 08:00:00	2025-06-04 08:00:00	210000.00	завершено
488	9	48	2025-05-16 16:00:00	2025-05-22 16:00:00	432000.00	завершено
489	20	37	2026-04-12 12:00:00	2026-04-18 12:00:00	756000.00	завершено
491	3	29	2026-01-31 09:00:00	2026-02-02 09:00:00	156000.00	завершено
492	10	40	2025-04-08 17:00:00	2025-04-11 17:00:00	72000.00	завершено
493	2	38	2026-06-10 19:00:00	2026-06-19 19:00:00	1188000.00	завершено
495	17	38	2026-08-24 09:00:00	2026-08-29 09:00:00	660000.00	активно
497	15	4	2025-07-23 14:00:00	2025-07-26 14:00:00	144000.00	завершено
499	17	38	2026-07-03 12:00:00	2026-07-04 12:00:00	132000.00	активно
500	3	29	2026-01-14 20:00:00	2026-01-21 20:00:00	546000.00	завершено
501	15	7	2025-06-14 16:00:00	2025-06-20 16:00:00	396000.00	завершено
502	13	19	2025-07-19 20:00:00	2025-07-27 20:00:00	1104000.00	завершено
503	1	37	2025-11-18 11:00:00	2025-11-20 11:00:00	252000.00	завершено
504	11	27	2025-11-05 12:00:00	2025-11-12 12:00:00	462000.00	завершено
505	12	2	2025-06-08 17:00:00	2025-06-18 17:00:00	360000.00	завершено
506	5	8	2025-12-23 16:00:00	2025-12-26 16:00:00	216000.00	завершено
509	1	52	2026-01-19 12:00:00	2026-01-25 12:00:00	576000.00	завершено
510	14	35	2026-06-09 11:00:00	2026-06-17 11:00:00	912000.00	завершено
511	3	24	2026-08-13 19:00:00	2026-08-18 19:00:00	240000.00	завершено
512	16	20	2026-04-23 08:00:00	2026-04-25 08:00:00	48000.00	завершено
513	8	10	2025-05-21 15:00:00	2025-05-31 15:00:00	840000.00	завершено
514	19	34	2026-02-23 09:00:00	2026-02-28 09:00:00	540000.00	завершено
518	7	24	2025-07-30 18:00:00	2025-08-03 18:00:00	192000.00	завершено
520	17	26	2026-04-27 12:00:00	2026-05-04 12:00:00	420000.00	завершено
521	14	46	2025-12-20 13:00:00	2025-12-29 13:00:00	540000.00	завершено
523	12	10	2026-05-28 20:00:00	2026-06-02 20:00:00	420000.00	завершено
524	4	20	2026-06-29 17:00:00	2026-07-04 17:00:00	120000.00	завершено
526	8	9	2025-11-04 13:00:00	2025-11-06 13:00:00	156000.00	завершено
527	7	27	2026-08-10 09:00:00	2026-08-20 09:00:00	660000.00	активно
528	7	36	2025-04-25 13:00:00	2025-05-04 13:00:00	1080000.00	отменено
529	8	2	2026-01-10 19:00:00	2026-01-18 19:00:00	288000.00	завершено
530	19	44	2025-04-10 10:00:00	2025-04-13 10:00:00	144000.00	завершено
532	8	19	2025-12-12 18:00:00	2025-12-14 18:00:00	276000.00	завершено
533	18	34	2026-02-24 09:00:00	2026-03-02 09:00:00	648000.00	завершено
534	8	44	2025-12-10 09:00:00	2025-12-14 09:00:00	192000.00	завершено
535	7	17	2025-05-07 17:00:00	2025-05-16 17:00:00	1134000.00	завершено
536	19	2	2026-06-07 18:00:00	2026-06-17 18:00:00	360000.00	завершено
538	19	19	2026-01-31 17:00:00	2026-02-10 17:00:00	1380000.00	завершено
539	16	26	2025-08-21 15:00:00	2025-08-27 15:00:00	360000.00	завершено
541	15	16	2025-10-04 15:00:00	2025-10-09 15:00:00	600000.00	завершено
542	8	44	2026-03-05 11:00:00	2026-03-15 11:00:00	480000.00	завершено
544	19	36	2026-01-02 18:00:00	2026-01-08 18:00:00	720000.00	завершено
545	10	15	2026-01-02 14:00:00	2026-01-10 14:00:00	912000.00	завершено
546	16	5	2025-07-27 12:00:00	2025-07-31 12:00:00	216000.00	завершено
547	3	35	2026-03-12 20:00:00	2026-03-18 20:00:00	684000.00	завершено
549	5	46	2026-05-25 19:00:00	2026-05-31 19:00:00	360000.00	завершено
551	15	43	2025-12-11 08:00:00	2025-12-20 08:00:00	378000.00	завершено
552	17	46	2025-04-10 10:00:00	2025-04-16 10:00:00	360000.00	завершено
553	12	46	2025-06-05 19:00:00	2025-06-07 19:00:00	120000.00	завершено
554	8	4	2025-09-07 11:00:00	2025-09-10 11:00:00	144000.00	завершено
555	17	27	2026-09-03 08:00:00	2026-09-13 08:00:00	660000.00	завершено
556	5	46	2025-12-30 12:00:00	2026-01-07 12:00:00	480000.00	завершено
557	18	16	2025-04-17 16:00:00	2025-04-20 16:00:00	360000.00	завершено
558	1	17	2026-03-09 19:00:00	2026-03-10 19:00:00	126000.00	завершено
559	9	11	2025-12-08 10:00:00	2025-12-14 10:00:00	540000.00	отменено
560	11	50	2026-07-10 19:00:00	2026-07-17 19:00:00	588000.00	завершено
562	16	30	2025-09-30 18:00:00	2025-10-01 18:00:00	84000.00	завершено
563	19	8	2025-09-09 14:00:00	2025-09-18 14:00:00	648000.00	завершено
564	1	24	2026-05-18 17:00:00	2026-05-26 17:00:00	384000.00	завершено
565	6	1	2025-05-29 08:00:00	2025-06-04 08:00:00	180000.00	завершено
567	7	15	2026-07-16 17:00:00	2026-07-22 17:00:00	684000.00	завершено
568	8	25	2026-09-17 13:00:00	2026-09-22 13:00:00	270000.00	активно
569	16	33	2026-06-17 13:00:00	2026-06-24 13:00:00	714000.00	завершено
570	5	38	2026-06-17 17:00:00	2026-06-20 17:00:00	396000.00	завершено
571	7	11	2026-04-24 19:00:00	2026-04-27 19:00:00	270000.00	завершено
572	15	17	2026-07-18 13:00:00	2026-07-24 13:00:00	756000.00	активно
573	1	30	2025-12-02 18:00:00	2025-12-05 18:00:00	252000.00	завершено
577	12	34	2026-02-09 09:00:00	2026-02-11 09:00:00	216000.00	завершено
578	3	17	2026-01-09 20:00:00	2026-01-12 20:00:00	378000.00	завершено
579	18	43	2026-09-25 14:00:00	2026-09-27 14:00:00	84000.00	завершено
580	10	3	2025-11-13 13:00:00	2025-11-20 13:00:00	294000.00	завершено
581	14	15	2026-04-23 16:00:00	2026-04-27 16:00:00	456000.00	завершено
583	2	28	2026-04-01 18:00:00	2026-04-04 18:00:00	216000.00	завершено
584	14	5	2025-10-20 18:00:00	2025-10-21 18:00:00	54000.00	завершено
585	3	21	2025-09-19 11:00:00	2025-09-25 11:00:00	180000.00	завершено
586	11	11	2025-11-19 18:00:00	2025-11-29 18:00:00	900000.00	завершено
587	2	13	2026-07-28 14:00:00	2026-08-06 14:00:00	918000.00	завершено
588	13	40	2026-05-29 16:00:00	2026-06-04 16:00:00	144000.00	завершено
589	3	45	2025-04-11 10:00:00	2025-04-14 10:00:00	162000.00	завершено
590	8	10	2026-08-19 13:00:00	2026-08-27 13:00:00	672000.00	активно
591	8	2	2026-05-10 16:00:00	2026-05-12 16:00:00	72000.00	завершено
592	3	38	2025-09-20 11:00:00	2025-09-30 11:00:00	1320000.00	завершено
593	8	16	2026-09-11 11:00:00	2026-09-13 11:00:00	240000.00	завершено
594	3	23	2026-02-17 13:00:00	2026-02-26 13:00:00	378000.00	завершено
595	15	39	2025-11-22 12:00:00	2025-11-25 12:00:00	414000.00	завершено
596	10	31	2026-08-02 18:00:00	2026-08-10 18:00:00	720000.00	завершено
598	18	2	2025-09-04 14:00:00	2025-09-05 14:00:00	36000.00	завершено
599	15	50	2025-07-04 13:00:00	2025-07-08 13:00:00	336000.00	завершено
600	6	14	2026-02-08 08:00:00	2026-02-17 08:00:00	972000.00	завершено
601	3	18	2025-08-14 10:00:00	2025-08-16 10:00:00	264000.00	завершено
603	7	16	2026-04-02 09:00:00	2026-04-06 09:00:00	480000.00	завершено
604	12	45	2025-12-14 19:00:00	2025-12-20 19:00:00	324000.00	завершено
606	14	11	2026-09-16 17:00:00	2026-09-25 17:00:00	810000.00	завершено
607	10	43	2025-09-06 11:00:00	2025-09-13 11:00:00	294000.00	завершено
608	11	35	2026-07-11 11:00:00	2026-07-20 11:00:00	1026000.00	активно
609	8	16	2026-07-15 11:00:00	2026-07-20 11:00:00	600000.00	завершено
610	20	40	2026-01-04 11:00:00	2026-01-06 11:00:00	48000.00	завершено
611	2	16	2025-04-22 11:00:00	2025-04-28 11:00:00	720000.00	завершено
612	9	32	2025-10-18 19:00:00	2025-10-21 19:00:00	288000.00	завершено
613	6	41	2026-04-25 18:00:00	2026-04-29 18:00:00	120000.00	отменено
614	12	41	2026-02-22 09:00:00	2026-02-23 09:00:00	30000.00	завершено
616	3	36	2025-12-27 11:00:00	2026-01-05 11:00:00	1080000.00	завершено
619	6	11	2026-08-14 15:00:00	2026-08-20 15:00:00	540000.00	активно
622	1	32	2026-07-25 16:00:00	2026-08-03 16:00:00	864000.00	активно
623	1	44	2025-09-03 18:00:00	2025-09-04 18:00:00	48000.00	завершено
624	10	27	2025-12-07 08:00:00	2025-12-12 08:00:00	330000.00	завершено
626	19	27	2025-08-21 19:00:00	2025-08-22 19:00:00	66000.00	завершено
627	2	52	2026-05-25 19:00:00	2026-06-03 19:00:00	864000.00	завершено
628	7	51	2026-09-04 19:00:00	2026-09-12 19:00:00	720000.00	активно
629	16	8	2026-02-12 20:00:00	2026-02-15 20:00:00	216000.00	завершено
630	8	46	2026-02-28 13:00:00	2026-03-01 13:00:00	60000.00	завершено
631	20	31	2025-04-01 19:00:00	2025-04-03 19:00:00	180000.00	завершено
633	9	12	2025-07-21 19:00:00	2025-07-26 19:00:00	480000.00	завершено
634	4	15	2026-02-13 10:00:00	2026-02-20 10:00:00	798000.00	завершено
635	2	22	2026-08-08 14:00:00	2026-08-11 14:00:00	108000.00	завершено
636	9	17	2026-02-10 09:00:00	2026-02-18 09:00:00	1008000.00	завершено
637	3	9	2025-12-24 15:00:00	2025-12-28 15:00:00	312000.00	завершено
638	5	21	2026-01-31 14:00:00	2026-02-05 14:00:00	150000.00	завершено
639	1	44	2026-03-11 08:00:00	2026-03-14 08:00:00	144000.00	завершено
640	6	38	2025-11-02 17:00:00	2025-11-04 17:00:00	264000.00	завершено
641	2	37	2026-03-24 19:00:00	2026-03-26 19:00:00	252000.00	завершено
642	20	23	2026-09-09 08:00:00	2026-09-13 08:00:00	168000.00	завершено
643	3	21	2026-08-29 20:00:00	2026-09-02 20:00:00	120000.00	активно
644	17	49	2026-09-21 08:00:00	2026-09-30 08:00:00	702000.00	завершено
645	18	49	2026-08-11 16:00:00	2026-08-21 16:00:00	780000.00	завершено
647	10	9	2026-07-29 14:00:00	2026-08-01 14:00:00	234000.00	активно
648	1	26	2025-08-19 10:00:00	2025-08-20 10:00:00	60000.00	завершено
649	4	11	2025-07-16 14:00:00	2025-07-21 14:00:00	450000.00	завершено
650	9	40	2026-09-01 14:00:00	2026-09-08 14:00:00	168000.00	завершено
651	17	48	2026-04-15 08:00:00	2026-04-18 08:00:00	216000.00	завершено
652	7	44	2026-01-10 09:00:00	2026-01-20 09:00:00	480000.00	завершено
653	11	45	2025-09-24 08:00:00	2025-09-26 08:00:00	108000.00	завершено
655	13	1	2025-10-25 20:00:00	2025-11-03 20:00:00	270000.00	завершено
656	14	4	2026-07-24 10:00:00	2026-07-30 10:00:00	288000.00	завершено
657	11	48	2025-10-25 18:00:00	2025-10-26 18:00:00	72000.00	завершено
658	8	27	2026-02-07 20:00:00	2026-02-12 20:00:00	330000.00	завершено
659	9	40	2026-06-19 08:00:00	2026-06-21 08:00:00	48000.00	завершено
660	4	51	2025-04-16 16:00:00	2025-04-23 16:00:00	630000.00	завершено
661	13	49	2025-11-06 14:00:00	2025-11-13 14:00:00	546000.00	завершено
662	14	7	2025-05-15 13:00:00	2025-05-17 13:00:00	132000.00	завершено
663	15	25	2025-06-22 18:00:00	2025-07-02 18:00:00	540000.00	завершено
664	7	40	2025-07-01 12:00:00	2025-07-08 12:00:00	168000.00	завершено
666	15	33	2026-01-01 16:00:00	2026-01-11 16:00:00	1020000.00	завершено
667	10	33	2025-06-19 11:00:00	2025-06-20 11:00:00	102000.00	завершено
669	15	46	2025-12-16 17:00:00	2025-12-23 17:00:00	420000.00	завершено
670	6	50	2025-09-08 10:00:00	2025-09-09 10:00:00	84000.00	завершено
673	8	5	2026-02-04 15:00:00	2026-02-07 15:00:00	162000.00	завершено
674	7	5	2025-09-21 12:00:00	2025-10-01 12:00:00	540000.00	завершено
675	15	29	2025-12-05 13:00:00	2025-12-14 13:00:00	702000.00	завершено
676	4	4	2026-07-14 19:00:00	2026-07-20 19:00:00	288000.00	активно
677	19	1	2026-04-02 17:00:00	2026-04-04 17:00:00	60000.00	завершено
678	13	45	2026-04-26 16:00:00	2026-05-02 16:00:00	324000.00	завершено
679	17	45	2026-08-10 17:00:00	2026-08-13 17:00:00	162000.00	завершено
680	3	11	2026-01-11 08:00:00	2026-01-14 08:00:00	270000.00	завершено
681	9	48	2025-08-08 13:00:00	2025-08-09 13:00:00	72000.00	завершено
683	17	13	2026-08-22 11:00:00	2026-08-30 11:00:00	816000.00	завершено
684	5	17	2026-08-24 11:00:00	2026-08-25 11:00:00	126000.00	завершено
686	16	16	2025-07-16 08:00:00	2025-07-19 08:00:00	360000.00	завершено
688	8	3	2026-04-02 13:00:00	2026-04-11 13:00:00	378000.00	завершено
689	8	19	2026-07-30 13:00:00	2026-08-06 13:00:00	966000.00	завершено
690	13	33	2025-11-10 09:00:00	2025-11-18 09:00:00	816000.00	завершено
693	17	47	2025-08-06 15:00:00	2025-08-13 15:00:00	462000.00	завершено
694	12	22	2025-06-28 17:00:00	2025-07-01 17:00:00	108000.00	завершено
695	6	40	2026-03-02 09:00:00	2026-03-12 09:00:00	240000.00	завершено
697	20	24	2026-04-07 17:00:00	2026-04-14 17:00:00	336000.00	завершено
698	8	21	2026-08-18 12:00:00	2026-08-21 12:00:00	90000.00	завершено
699	1	38	2026-07-12 16:00:00	2026-07-13 16:00:00	132000.00	активно
700	13	33	2025-08-11 17:00:00	2025-08-16 17:00:00	510000.00	завершено
701	20	42	2026-01-26 09:00:00	2026-02-03 09:00:00	288000.00	завершено
703	1	48	2025-06-26 14:00:00	2025-07-06 14:00:00	720000.00	завершено
704	10	43	2026-07-23 11:00:00	2026-07-27 11:00:00	168000.00	завершено
706	15	13	2026-02-24 20:00:00	2026-03-06 20:00:00	1020000.00	завершено
707	2	13	2026-03-19 13:00:00	2026-03-21 13:00:00	204000.00	завершено
708	14	24	2026-05-30 19:00:00	2026-06-08 19:00:00	432000.00	завершено
709	2	16	2026-05-22 20:00:00	2026-05-25 20:00:00	360000.00	завершено
710	15	5	2025-08-21 19:00:00	2025-08-23 19:00:00	108000.00	завершено
711	9	13	2026-05-28 18:00:00	2026-05-30 18:00:00	204000.00	завершено
712	18	20	2025-11-07 11:00:00	2025-11-17 11:00:00	240000.00	завершено
714	2	2	2026-04-07 09:00:00	2026-04-12 09:00:00	180000.00	завершено
715	5	14	2025-10-07 19:00:00	2025-10-11 19:00:00	432000.00	завершено
717	17	29	2026-07-29 10:00:00	2026-08-06 10:00:00	624000.00	завершено
718	1	10	2026-01-14 12:00:00	2026-01-21 12:00:00	588000.00	завершено
720	16	22	2025-11-20 12:00:00	2025-11-24 12:00:00	144000.00	завершено
721	5	11	2025-12-10 11:00:00	2025-12-13 11:00:00	270000.00	завершено
722	9	33	2026-06-30 11:00:00	2026-07-02 11:00:00	204000.00	активно
723	12	28	2025-04-21 19:00:00	2025-04-26 19:00:00	360000.00	завершено
724	9	21	2025-04-05 17:00:00	2025-04-11 17:00:00	180000.00	завершено
725	2	11	2026-04-30 13:00:00	2026-05-06 13:00:00	540000.00	завершено
726	1	14	2026-02-24 17:00:00	2026-03-06 17:00:00	1080000.00	завершено
727	4	32	2026-02-06 08:00:00	2026-02-10 08:00:00	384000.00	завершено
728	13	6	2025-11-19 14:00:00	2025-11-26 14:00:00	420000.00	завершено
729	20	32	2026-07-01 11:00:00	2026-07-02 11:00:00	96000.00	активно
730	3	13	2026-03-25 15:00:00	2026-04-01 15:00:00	714000.00	завершено
732	12	29	2026-01-26 18:00:00	2026-02-04 18:00:00	702000.00	завершено
733	19	31	2025-07-12 11:00:00	2025-07-14 11:00:00	180000.00	завершено
734	8	4	2025-11-14 11:00:00	2025-11-19 11:00:00	240000.00	завершено
735	5	33	2026-07-29 20:00:00	2026-08-03 20:00:00	510000.00	завершено
736	13	30	2026-08-27 08:00:00	2026-09-05 08:00:00	756000.00	завершено
738	4	31	2026-03-29 14:00:00	2026-03-30 14:00:00	90000.00	завершено
740	18	47	2026-02-18 09:00:00	2026-02-27 09:00:00	594000.00	завершено
741	19	18	2026-04-30 14:00:00	2026-05-09 14:00:00	1188000.00	завершено
743	11	52	2026-05-07 18:00:00	2026-05-17 18:00:00	960000.00	завершено
745	6	29	2026-06-06 15:00:00	2026-06-12 15:00:00	468000.00	завершено
747	19	47	2026-06-06 18:00:00	2026-06-14 18:00:00	528000.00	завершено
748	9	44	2026-05-13 13:00:00	2026-05-23 13:00:00	480000.00	завершено
751	7	19	2026-03-19 14:00:00	2026-03-23 14:00:00	552000.00	завершено
752	12	29	2026-05-28 13:00:00	2026-06-01 13:00:00	312000.00	завершено
753	13	12	2025-10-14 18:00:00	2025-10-17 18:00:00	288000.00	завершено
754	11	47	2026-03-15 12:00:00	2026-03-25 12:00:00	660000.00	завершено
755	9	44	2025-06-08 13:00:00	2025-06-12 13:00:00	192000.00	завершено
756	12	35	2025-04-05 08:00:00	2025-04-12 08:00:00	798000.00	завершено
759	16	14	2026-09-18 11:00:00	2026-09-23 11:00:00	540000.00	активно
761	13	43	2025-05-27 18:00:00	2025-06-02 18:00:00	252000.00	завершено
762	10	52	2026-07-03 20:00:00	2026-07-07 20:00:00	384000.00	завершено
763	19	47	2025-12-19 10:00:00	2025-12-25 10:00:00	396000.00	завершено
764	9	42	2026-08-21 11:00:00	2026-08-31 11:00:00	360000.00	завершено
765	13	8	2025-06-15 13:00:00	2025-06-19 13:00:00	288000.00	завершено
766	8	19	2025-08-06 15:00:00	2025-08-13 15:00:00	966000.00	завершено
767	4	25	2025-08-26 19:00:00	2025-09-03 19:00:00	432000.00	завершено
768	5	44	2025-08-20 09:00:00	2025-08-30 09:00:00	480000.00	завершено
770	19	27	2025-12-26 20:00:00	2026-01-01 20:00:00	396000.00	завершено
771	10	27	2025-04-14 18:00:00	2025-04-17 18:00:00	198000.00	завершено
772	8	30	2026-07-13 20:00:00	2026-07-22 20:00:00	756000.00	активно
773	13	52	2025-08-04 10:00:00	2025-08-11 10:00:00	672000.00	завершено
774	9	11	2026-03-20 10:00:00	2026-03-25 10:00:00	450000.00	завершено
776	13	16	2025-06-18 18:00:00	2025-06-22 18:00:00	480000.00	завершено
777	2	33	2025-06-23 13:00:00	2025-06-28 13:00:00	510000.00	завершено
778	20	24	2025-11-28 16:00:00	2025-11-30 16:00:00	96000.00	завершено
779	20	22	2026-03-27 14:00:00	2026-03-31 14:00:00	144000.00	завершено
781	11	1	2025-05-18 15:00:00	2025-05-28 15:00:00	300000.00	завершено
782	3	4	2025-07-25 16:00:00	2025-08-03 16:00:00	432000.00	завершено
783	4	50	2026-07-17 08:00:00	2026-07-19 08:00:00	168000.00	завершено
784	5	31	2026-06-14 12:00:00	2026-06-19 12:00:00	450000.00	завершено
785	7	23	2025-09-14 13:00:00	2025-09-17 13:00:00	126000.00	завершено
786	16	35	2025-09-09 15:00:00	2025-09-10 15:00:00	114000.00	завершено
787	9	7	2026-04-21 15:00:00	2026-04-23 15:00:00	132000.00	завершено
788	6	19	2026-07-07 17:00:00	2026-07-15 17:00:00	1104000.00	отменено
789	14	12	2026-09-29 17:00:00	2026-10-09 17:00:00	960000.00	активно
790	17	18	2025-10-16 12:00:00	2025-10-22 12:00:00	792000.00	завершено
791	3	25	2025-09-16 20:00:00	2025-09-22 20:00:00	324000.00	завершено
792	17	29	2025-04-27 13:00:00	2025-04-30 13:00:00	234000.00	завершено
793	15	9	2025-09-19 17:00:00	2025-09-28 17:00:00	702000.00	завершено
794	16	18	2026-06-29 15:00:00	2026-07-04 15:00:00	660000.00	завершено
795	7	28	2025-05-20 18:00:00	2025-05-21 18:00:00	72000.00	завершено
797	12	23	2026-07-03 12:00:00	2026-07-05 12:00:00	84000.00	завершено
798	16	12	2026-08-25 09:00:00	2026-09-01 09:00:00	672000.00	завершено
799	18	38	2026-05-16 15:00:00	2026-05-21 15:00:00	660000.00	завершено
800	16	4	2025-05-13 09:00:00	2025-05-18 09:00:00	240000.00	завершено
801	11	34	2026-01-22 19:00:00	2026-02-01 19:00:00	1080000.00	завершено
802	4	9	2025-07-26 12:00:00	2025-08-03 12:00:00	624000.00	завершено
805	14	25	2026-04-07 15:00:00	2026-04-14 15:00:00	378000.00	завершено
806	10	14	2026-07-13 19:00:00	2026-07-14 19:00:00	108000.00	завершено
807	9	10	2025-07-05 20:00:00	2025-07-12 20:00:00	588000.00	завершено
808	13	28	2025-06-24 19:00:00	2025-06-25 19:00:00	72000.00	завершено
809	4	16	2026-01-14 08:00:00	2026-01-15 08:00:00	120000.00	завершено
810	14	19	2025-06-20 18:00:00	2025-06-25 18:00:00	690000.00	завершено
812	5	37	2025-06-15 09:00:00	2025-06-19 09:00:00	504000.00	завершено
813	1	24	2026-06-21 09:00:00	2026-06-24 09:00:00	144000.00	завершено
816	4	6	2026-03-29 20:00:00	2026-04-05 20:00:00	420000.00	завершено
818	16	46	2025-11-10 18:00:00	2025-11-18 18:00:00	480000.00	завершено
819	4	33	2026-05-06 19:00:00	2026-05-09 19:00:00	306000.00	завершено
820	12	15	2025-08-11 13:00:00	2025-08-16 13:00:00	570000.00	завершено
821	20	42	2026-06-13 13:00:00	2026-06-22 13:00:00	324000.00	завершено
822	16	14	2026-07-22 17:00:00	2026-07-23 17:00:00	108000.00	завершено
824	19	38	2025-11-05 11:00:00	2025-11-11 11:00:00	792000.00	завершено
825	11	5	2025-05-03 18:00:00	2025-05-04 18:00:00	54000.00	завершено
826	2	10	2026-08-24 14:00:00	2026-09-03 14:00:00	840000.00	завершено
827	15	34	2025-06-25 10:00:00	2025-07-05 10:00:00	1080000.00	завершено
828	9	38	2025-12-12 13:00:00	2025-12-18 13:00:00	792000.00	завершено
830	8	52	2025-10-04 13:00:00	2025-10-14 13:00:00	960000.00	завершено
831	1	44	2025-06-22 20:00:00	2025-07-02 20:00:00	480000.00	отменено
832	12	52	2026-09-21 14:00:00	2026-09-26 14:00:00	480000.00	завершено
833	8	51	2025-11-22 20:00:00	2025-11-30 20:00:00	720000.00	завершено
834	16	21	2025-09-17 14:00:00	2025-09-25 14:00:00	240000.00	завершено
835	5	47	2025-05-08 09:00:00	2025-05-16 09:00:00	528000.00	отменено
836	7	26	2026-09-07 20:00:00	2026-09-11 20:00:00	240000.00	завершено
838	2	40	2026-04-02 12:00:00	2026-04-10 12:00:00	192000.00	завершено
839	1	45	2026-09-16 17:00:00	2026-09-20 17:00:00	216000.00	активно
841	7	25	2025-12-27 17:00:00	2026-01-01 17:00:00	270000.00	завершено
842	5	27	2025-05-22 20:00:00	2025-05-26 20:00:00	264000.00	завершено
844	7	51	2026-04-04 20:00:00	2026-04-12 20:00:00	720000.00	завершено
845	10	10	2026-09-28 13:00:00	2026-10-02 13:00:00	336000.00	активно
846	15	6	2026-07-17 18:00:00	2026-07-19 18:00:00	120000.00	завершено
847	19	44	2025-09-20 11:00:00	2025-09-27 11:00:00	336000.00	завершено
848	20	23	2026-09-11 13:00:00	2026-09-16 13:00:00	210000.00	завершено
850	20	11	2026-05-25 10:00:00	2026-06-01 10:00:00	630000.00	завершено
852	13	42	2025-04-22 09:00:00	2025-04-27 09:00:00	180000.00	завершено
853	15	19	2025-10-15 16:00:00	2025-10-17 16:00:00	276000.00	завершено
856	2	13	2026-08-20 16:00:00	2026-08-21 16:00:00	102000.00	активно
857	14	35	2026-04-08 08:00:00	2026-04-12 08:00:00	456000.00	завершено
858	8	43	2026-07-27 14:00:00	2026-08-06 14:00:00	420000.00	завершено
859	12	19	2026-07-06 16:00:00	2026-07-08 16:00:00	276000.00	завершено
860	10	10	2025-11-20 08:00:00	2025-11-22 08:00:00	168000.00	завершено
861	14	42	2025-06-14 19:00:00	2025-06-19 19:00:00	180000.00	завершено
862	10	50	2026-04-02 13:00:00	2026-04-05 13:00:00	252000.00	завершено
863	20	25	2026-01-09 17:00:00	2026-01-18 17:00:00	486000.00	отменено
864	8	36	2026-02-11 20:00:00	2026-02-20 20:00:00	1080000.00	завершено
865	11	52	2025-12-25 16:00:00	2026-01-03 16:00:00	864000.00	завершено
866	15	31	2026-08-25 19:00:00	2026-09-01 19:00:00	630000.00	завершено
867	7	12	2026-02-24 12:00:00	2026-03-05 12:00:00	864000.00	завершено
870	8	14	2026-04-28 10:00:00	2026-05-08 10:00:00	1080000.00	завершено
871	20	45	2025-12-07 15:00:00	2025-12-13 15:00:00	324000.00	завершено
872	1	48	2026-07-27 20:00:00	2026-07-28 20:00:00	72000.00	активно
873	17	39	2025-09-28 17:00:00	2025-10-04 17:00:00	828000.00	завершено
874	11	37	2026-09-01 11:00:00	2026-09-08 11:00:00	882000.00	завершено
875	2	43	2025-08-30 18:00:00	2025-09-09 18:00:00	420000.00	завершено
876	10	34	2026-07-21 13:00:00	2026-07-27 13:00:00	648000.00	активно
877	14	4	2026-07-28 19:00:00	2026-07-29 19:00:00	48000.00	завершено
879	9	29	2025-05-31 13:00:00	2025-06-03 13:00:00	234000.00	завершено
880	11	49	2025-09-20 14:00:00	2025-09-28 14:00:00	624000.00	завершено
881	11	34	2026-06-05 20:00:00	2026-06-11 20:00:00	648000.00	завершено
882	12	42	2025-11-07 15:00:00	2025-11-10 15:00:00	108000.00	завершено
884	3	26	2026-02-27 19:00:00	2026-03-02 19:00:00	180000.00	завершено
886	3	39	2026-09-27 09:00:00	2026-09-28 09:00:00	138000.00	завершено
887	10	6	2025-11-07 09:00:00	2025-11-16 09:00:00	540000.00	завершено
888	18	5	2026-01-15 20:00:00	2026-01-24 20:00:00	486000.00	завершено
889	3	8	2025-10-01 19:00:00	2025-10-07 19:00:00	432000.00	завершено
890	7	42	2025-06-20 16:00:00	2025-06-23 16:00:00	108000.00	завершено
891	17	15	2025-11-01 14:00:00	2025-11-04 14:00:00	342000.00	отменено
893	18	26	2025-12-23 08:00:00	2025-12-27 08:00:00	240000.00	завершено
896	13	33	2025-09-17 13:00:00	2025-09-25 13:00:00	816000.00	завершено
897	11	50	2026-08-13 17:00:00	2026-08-15 17:00:00	168000.00	завершено
898	18	45	2026-07-01 10:00:00	2026-07-07 10:00:00	324000.00	завершено
899	8	22	2026-01-16 19:00:00	2026-01-20 19:00:00	144000.00	завершено
901	9	3	2026-04-22 11:00:00	2026-04-24 11:00:00	84000.00	завершено
902	13	18	2025-07-04 17:00:00	2025-07-05 17:00:00	132000.00	завершено
903	16	6	2025-04-10 11:00:00	2025-04-16 11:00:00	360000.00	завершено
904	15	17	2026-05-06 12:00:00	2026-05-08 12:00:00	252000.00	завершено
905	3	13	2026-03-07 16:00:00	2026-03-08 16:00:00	102000.00	завершено
906	9	32	2025-11-16 13:00:00	2025-11-17 13:00:00	96000.00	завершено
907	5	45	2026-08-08 15:00:00	2026-08-18 15:00:00	540000.00	завершено
908	15	5	2026-09-21 10:00:00	2026-09-29 10:00:00	432000.00	завершено
910	5	33	2026-06-20 08:00:00	2026-06-28 08:00:00	816000.00	завершено
911	7	52	2025-05-26 18:00:00	2025-05-27 18:00:00	96000.00	завершено
912	20	29	2025-09-04 17:00:00	2025-09-09 17:00:00	390000.00	завершено
913	10	41	2026-09-08 15:00:00	2026-09-15 15:00:00	210000.00	отменено
914	5	22	2026-03-15 19:00:00	2026-03-19 19:00:00	144000.00	завершено
915	10	26	2025-09-22 18:00:00	2025-09-24 18:00:00	120000.00	завершено
916	3	48	2026-09-12 15:00:00	2026-09-18 15:00:00	432000.00	завершено
919	15	12	2025-12-10 17:00:00	2025-12-18 17:00:00	768000.00	завершено
921	18	27	2026-04-09 10:00:00	2026-04-11 10:00:00	132000.00	завершено
922	6	50	2026-06-03 13:00:00	2026-06-10 13:00:00	588000.00	завершено
923	11	36	2025-08-30 13:00:00	2025-08-31 13:00:00	120000.00	завершено
925	6	24	2026-08-29 19:00:00	2026-09-04 19:00:00	288000.00	завершено
926	11	14	2026-06-24 15:00:00	2026-07-01 15:00:00	756000.00	завершено
928	4	8	2025-08-07 17:00:00	2025-08-11 17:00:00	288000.00	завершено
929	13	17	2025-06-13 10:00:00	2025-06-16 10:00:00	378000.00	завершено
932	13	38	2026-08-13 13:00:00	2026-08-23 13:00:00	1320000.00	активно
935	14	14	2026-02-20 15:00:00	2026-02-21 15:00:00	108000.00	завершено
936	20	39	2026-07-29 10:00:00	2026-08-06 10:00:00	1104000.00	завершено
937	6	28	2026-07-11 10:00:00	2026-07-18 10:00:00	504000.00	завершено
938	4	9	2026-03-27 20:00:00	2026-04-04 20:00:00	624000.00	завершено
940	19	47	2026-03-19 17:00:00	2026-03-26 17:00:00	462000.00	завершено
941	17	27	2026-09-29 12:00:00	2026-10-09 12:00:00	660000.00	завершено
942	1	51	2025-07-30 16:00:00	2025-08-07 16:00:00	720000.00	завершено
943	2	3	2025-06-20 16:00:00	2025-06-25 16:00:00	210000.00	завершено
944	19	21	2026-09-22 16:00:00	2026-10-02 16:00:00	300000.00	активно
945	14	2	2026-07-31 11:00:00	2026-08-10 11:00:00	360000.00	завершено
946	11	31	2026-02-27 13:00:00	2026-03-04 13:00:00	450000.00	завершено
948	6	17	2025-11-05 09:00:00	2025-11-14 09:00:00	1134000.00	завершено
949	18	12	2025-09-28 11:00:00	2025-10-01 11:00:00	288000.00	завершено
950	9	5	2026-05-07 11:00:00	2026-05-08 11:00:00	54000.00	завершено
951	17	16	2026-07-28 16:00:00	2026-08-03 16:00:00	720000.00	завершено
952	9	25	2026-09-03 10:00:00	2026-09-07 10:00:00	216000.00	активно
953	11	48	2025-05-23 12:00:00	2025-06-01 12:00:00	648000.00	завершено
954	12	32	2025-07-17 12:00:00	2025-07-20 12:00:00	288000.00	завершено
955	9	43	2026-08-08 11:00:00	2026-08-17 11:00:00	378000.00	завершено
957	13	40	2026-03-03 10:00:00	2026-03-12 10:00:00	216000.00	завершено
958	14	50	2026-01-27 08:00:00	2026-02-05 08:00:00	756000.00	завершено
960	12	28	2025-04-30 16:00:00	2025-05-05 16:00:00	360000.00	завершено
961	5	17	2026-04-01 15:00:00	2026-04-08 15:00:00	882000.00	завершено
962	17	43	2026-07-28 15:00:00	2026-07-30 15:00:00	84000.00	активно
963	19	20	2026-02-17 16:00:00	2026-02-24 16:00:00	168000.00	завершено
964	2	10	2025-05-04 13:00:00	2025-05-12 13:00:00	672000.00	завершено
967	7	25	2025-05-11 16:00:00	2025-05-21 16:00:00	540000.00	завершено
968	1	21	2025-04-05 20:00:00	2025-04-12 20:00:00	210000.00	завершено
969	10	49	2025-07-15 20:00:00	2025-07-22 20:00:00	546000.00	завершено
970	14	40	2025-09-17 16:00:00	2025-09-23 16:00:00	144000.00	завершено
971	4	33	2026-02-23 12:00:00	2026-02-25 12:00:00	204000.00	завершено
972	1	5	2026-06-07 18:00:00	2026-06-10 18:00:00	162000.00	завершено
974	16	6	2026-06-13 15:00:00	2026-06-14 15:00:00	60000.00	завершено
975	14	52	2025-07-15 18:00:00	2025-07-25 18:00:00	960000.00	завершено
978	2	3	2026-04-23 14:00:00	2026-05-03 14:00:00	420000.00	завершено
979	4	17	2026-04-04 13:00:00	2026-04-13 13:00:00	1134000.00	завершено
980	16	7	2026-01-18 14:00:00	2026-01-23 14:00:00	330000.00	отменено
983	9	13	2026-09-05 11:00:00	2026-09-11 11:00:00	612000.00	активно
986	16	2	2026-01-22 10:00:00	2026-01-25 10:00:00	108000.00	завершено
987	6	23	2025-11-09 20:00:00	2025-11-14 20:00:00	210000.00	завершено
989	11	42	2026-03-25 20:00:00	2026-04-03 20:00:00	324000.00	завершено
991	14	47	2026-09-08 13:00:00	2026-09-17 13:00:00	594000.00	завершено
992	20	50	2026-07-18 13:00:00	2026-07-28 13:00:00	840000.00	завершено
993	6	50	2025-09-16 13:00:00	2025-09-19 13:00:00	252000.00	завершено
994	7	8	2026-07-17 20:00:00	2026-07-26 20:00:00	648000.00	отменено
996	8	48	2025-05-27 20:00:00	2025-05-31 20:00:00	288000.00	завершено
998	6	40	2025-04-29 18:00:00	2025-05-03 18:00:00	96000.00	завершено
999	2	33	2025-05-09 20:00:00	2025-05-14 20:00:00	510000.00	завершено
1000	18	1	2025-12-31 11:00:00	2026-01-09 11:00:00	270000.00	завершено
1001	4	37	2025-05-17 09:00:00	2025-05-18 09:00:00	126000.00	завершено
1002	18	44	2025-04-23 14:00:00	2025-04-25 14:00:00	96000.00	завершено
1003	7	27	2026-05-22 10:00:00	2026-05-31 10:00:00	594000.00	завершено
1006	19	19	2026-06-28 12:00:00	2026-07-07 12:00:00	1242000.00	завершено
1008	15	18	2026-06-26 13:00:00	2026-07-03 13:00:00	924000.00	завершено
1009	3	49	2026-03-20 12:00:00	2026-03-21 12:00:00	78000.00	завершено
1010	8	24	2026-09-05 15:00:00	2026-09-09 15:00:00	192000.00	завершено
1011	4	39	2026-05-02 16:00:00	2026-05-10 16:00:00	1104000.00	завершено
1012	17	35	2025-11-30 17:00:00	2025-12-03 17:00:00	342000.00	завершено
1013	13	37	2026-04-19 08:00:00	2026-04-23 08:00:00	504000.00	завершено
1014	4	12	2026-07-15 19:00:00	2026-07-19 19:00:00	384000.00	активно
1015	2	47	2026-07-07 08:00:00	2026-07-09 08:00:00	132000.00	отменено
1016	1	37	2026-09-05 19:00:00	2026-09-11 19:00:00	756000.00	завершено
1017	14	4	2026-09-07 11:00:00	2026-09-12 11:00:00	240000.00	активно
1018	3	30	2025-10-19 09:00:00	2025-10-24 09:00:00	420000.00	завершено
1019	10	24	2025-10-04 16:00:00	2025-10-05 16:00:00	48000.00	завершено
1020	15	46	2026-08-07 10:00:00	2026-08-13 10:00:00	360000.00	завершено
1021	14	40	2025-07-29 12:00:00	2025-07-30 12:00:00	24000.00	завершено
1022	1	28	2026-03-03 16:00:00	2026-03-11 16:00:00	576000.00	завершено
1024	20	4	2025-05-05 19:00:00	2025-05-13 19:00:00	384000.00	завершено
1025	2	36	2025-11-09 09:00:00	2025-11-18 09:00:00	1080000.00	отменено
1026	12	21	2026-06-14 08:00:00	2026-06-23 08:00:00	270000.00	завершено
1027	15	49	2026-08-31 20:00:00	2026-09-02 20:00:00	156000.00	активно
1029	4	14	2025-06-03 18:00:00	2025-06-10 18:00:00	756000.00	завершено
1030	4	30	2026-06-23 10:00:00	2026-07-01 10:00:00	672000.00	отменено
1031	4	15	2025-08-24 17:00:00	2025-08-25 17:00:00	114000.00	завершено
1032	15	35	2025-07-07 15:00:00	2025-07-10 15:00:00	342000.00	отменено
1033	5	14	2026-06-23 13:00:00	2026-06-27 13:00:00	432000.00	завершено
1034	18	14	2026-02-27 18:00:00	2026-03-03 18:00:00	432000.00	отменено
1035	20	50	2026-08-13 09:00:00	2026-08-14 09:00:00	84000.00	завершено
1036	18	50	2026-01-28 15:00:00	2026-01-29 15:00:00	84000.00	завершено
1037	14	5	2026-07-10 11:00:00	2026-07-16 11:00:00	324000.00	активно
1039	1	13	2026-04-17 08:00:00	2026-04-25 08:00:00	816000.00	завершено
1042	6	41	2026-06-29 10:00:00	2026-07-02 10:00:00	90000.00	завершено
1043	3	11	2026-06-09 19:00:00	2026-06-12 19:00:00	270000.00	завершено
1044	16	1	2025-05-16 11:00:00	2025-05-21 11:00:00	150000.00	завершено
1045	10	44	2025-10-10 14:00:00	2025-10-20 14:00:00	480000.00	завершено
1046	2	24	2026-06-04 15:00:00	2026-06-14 15:00:00	480000.00	завершено
1047	17	25	2026-09-03 10:00:00	2026-09-11 10:00:00	432000.00	завершено
1049	11	46	2025-05-02 08:00:00	2025-05-12 08:00:00	600000.00	завершено
1051	4	9	2025-10-14 11:00:00	2025-10-18 11:00:00	312000.00	завершено
1052	3	23	2026-06-13 20:00:00	2026-06-14 20:00:00	42000.00	завершено
1053	20	35	2025-05-23 12:00:00	2025-05-27 12:00:00	456000.00	завершено
1054	10	17	2026-03-31 19:00:00	2026-04-07 19:00:00	882000.00	завершено
1055	18	48	2025-04-18 15:00:00	2025-04-23 15:00:00	360000.00	завершено
1056	20	48	2026-06-17 13:00:00	2026-06-26 13:00:00	648000.00	завершено
1057	17	28	2026-01-23 12:00:00	2026-01-30 12:00:00	504000.00	завершено
1058	19	22	2025-06-26 11:00:00	2025-06-30 11:00:00	144000.00	завершено
1059	3	33	2025-09-27 08:00:00	2025-09-30 08:00:00	306000.00	завершено
1060	5	27	2026-09-11 18:00:00	2026-09-15 18:00:00	264000.00	активно
1061	17	52	2026-07-05 08:00:00	2026-07-07 08:00:00	192000.00	завершено
1062	14	45	2026-04-06 16:00:00	2026-04-12 16:00:00	324000.00	завершено
1063	7	49	2026-08-26 12:00:00	2026-09-02 12:00:00	546000.00	завершено
1066	19	37	2025-11-10 17:00:00	2025-11-19 17:00:00	1134000.00	завершено
1067	15	44	2026-08-22 11:00:00	2026-08-23 11:00:00	48000.00	завершено
1069	10	34	2026-01-15 18:00:00	2026-01-21 18:00:00	648000.00	завершено
1070	20	39	2025-10-13 18:00:00	2025-10-16 18:00:00	414000.00	завершено
1071	14	35	2025-11-30 17:00:00	2025-12-09 17:00:00	1026000.00	завершено
1072	7	43	2025-07-25 10:00:00	2025-08-03 10:00:00	378000.00	завершено
1073	8	31	2026-09-22 13:00:00	2026-09-30 13:00:00	720000.00	активно
1074	18	51	2025-05-30 11:00:00	2025-06-05 11:00:00	540000.00	завершено
1075	8	39	2025-12-03 13:00:00	2025-12-07 13:00:00	552000.00	завершено
1076	14	46	2025-07-20 19:00:00	2025-07-24 19:00:00	240000.00	завершено
1078	3	16	2025-09-07 08:00:00	2025-09-16 08:00:00	1080000.00	завершено
1079	13	45	2026-07-03 20:00:00	2026-07-06 20:00:00	162000.00	завершено
1080	10	36	2026-08-27 18:00:00	2026-08-28 18:00:00	120000.00	завершено
1081	20	27	2025-05-25 16:00:00	2025-06-02 16:00:00	528000.00	завершено
1082	11	52	2025-09-16 10:00:00	2025-09-23 10:00:00	672000.00	завершено
1083	5	7	2025-04-30 17:00:00	2025-05-01 17:00:00	66000.00	завершено
1084	4	1	2025-08-19 10:00:00	2025-08-27 10:00:00	240000.00	завершено
1086	16	35	2026-01-06 08:00:00	2026-01-07 08:00:00	114000.00	завершено
1087	20	44	2026-06-30 19:00:00	2026-07-05 19:00:00	240000.00	завершено
1088	18	22	2025-07-04 20:00:00	2025-07-05 20:00:00	36000.00	завершено
1090	2	43	2025-12-01 12:00:00	2025-12-11 12:00:00	420000.00	завершено
1091	5	30	2025-09-08 20:00:00	2025-09-18 20:00:00	840000.00	завершено
1093	5	44	2026-09-18 14:00:00	2026-09-25 14:00:00	336000.00	активно
1094	10	34	2026-05-11 15:00:00	2026-05-15 15:00:00	432000.00	завершено
1095	15	40	2025-10-24 15:00:00	2025-11-02 15:00:00	216000.00	завершено
1096	3	51	2025-08-30 15:00:00	2025-09-09 15:00:00	900000.00	завершено
1097	5	37	2025-05-08 13:00:00	2025-05-16 13:00:00	1008000.00	завершено
1099	14	16	2026-08-20 11:00:00	2026-08-23 11:00:00	360000.00	активно
1100	10	38	2026-01-14 08:00:00	2026-01-23 08:00:00	1188000.00	завершено
1101	20	8	2025-04-09 10:00:00	2025-04-15 10:00:00	432000.00	завершено
1102	10	33	2026-07-23 13:00:00	2026-08-02 13:00:00	1020000.00	завершено
1103	19	9	2025-09-20 18:00:00	2025-09-30 18:00:00	780000.00	завершено
1104	16	35	2025-04-14 15:00:00	2025-04-21 15:00:00	798000.00	отменено
1105	2	23	2026-08-22 19:00:00	2026-08-31 19:00:00	378000.00	завершено
1107	7	36	2026-02-26 13:00:00	2026-03-05 13:00:00	840000.00	завершено
1109	17	26	2026-04-08 12:00:00	2026-04-11 12:00:00	180000.00	завершено
1110	1	1	2025-05-17 16:00:00	2025-05-27 16:00:00	300000.00	завершено
1111	17	3	2026-07-26 19:00:00	2026-08-05 19:00:00	420000.00	завершено
1112	19	40	2026-03-01 08:00:00	2026-03-03 08:00:00	48000.00	завершено
1113	10	1	2025-09-30 16:00:00	2025-10-08 16:00:00	240000.00	завершено
1098	3	49	2026-01-01 10:00:00	2026-01-07 10:00:00	468000.00	завершено
1106	15	46	2026-03-03 14:00:00	2026-03-09 14:00:00	360000.00	завершено
1108	8	10	2025-11-22 10:00:00	2025-11-27 10:00:00	420000.00	завершено
1114	14	5	2026-05-21 10:00:00	2026-05-31 10:00:00	540000.00	завершено
\.


--
-- Name: clients_id_seq; Type: SEQUENCE SET; Schema: public; Owner: postgres
--

SELECT pg_catalog.setval('public.clients_id_seq', 25, true);


--
-- Name: damages_id_seq; Type: SEQUENCE SET; Schema: public; Owner: postgres
--

SELECT pg_catalog.setval('public.damages_id_seq', 25, true);


--
-- Name: equipment_id_seq; Type: SEQUENCE SET; Schema: public; Owner: postgres
--

SELECT pg_catalog.setval('public.equipment_id_seq', 56, true);


--
-- Name: equipmenttypes_id_seq; Type: SEQUENCE SET; Schema: public; Owner: postgres
--

SELECT pg_catalog.setval('public.equipmenttypes_id_seq', 10, true);


--
-- Name: maintenance_id_seq; Type: SEQUENCE SET; Schema: public; Owner: postgres
--

SELECT pg_catalog.setval('public.maintenance_id_seq', 30, true);


--
-- Name: payments_id_seq; Type: SEQUENCE SET; Schema: public; Owner: postgres
--

SELECT pg_catalog.setval('public.payments_id_seq', 103, true);


--
-- Name: rentals_id_seq; Type: SEQUENCE SET; Schema: public; Owner: postgres
--

SELECT pg_catalog.setval('public.rentals_id_seq', 1121, true);


--
-- Name: clients clients_pkey; Type: CONSTRAINT; Schema: public; Owner: postgres
--

ALTER TABLE ONLY public.clients
    ADD CONSTRAINT clients_pkey PRIMARY KEY (id);


--
-- Name: clients clients_username_key; Type: CONSTRAINT; Schema: public; Owner: postgres
--

ALTER TABLE ONLY public.clients
    ADD CONSTRAINT clients_username_key UNIQUE (username);


--
-- Name: damages damages_pkey; Type: CONSTRAINT; Schema: public; Owner: postgres
--

ALTER TABLE ONLY public.damages
    ADD CONSTRAINT damages_pkey PRIMARY KEY (id);


--
-- Name: equipment equipment_pkey; Type: CONSTRAINT; Schema: public; Owner: postgres
--

ALTER TABLE ONLY public.equipment
    ADD CONSTRAINT equipment_pkey PRIMARY KEY (id);


--
-- Name: equipmentratings equipmentratings_pkey; Type: CONSTRAINT; Schema: public; Owner: postgres
--

ALTER TABLE ONLY public.equipmentratings
    ADD CONSTRAINT equipmentratings_pkey PRIMARY KEY (equipment_id);


--
-- Name: equipmenttypes equipmenttypes_pkey; Type: CONSTRAINT; Schema: public; Owner: postgres
--

ALTER TABLE ONLY public.equipmenttypes
    ADD CONSTRAINT equipmenttypes_pkey PRIMARY KEY (id);


--
-- Name: maintenance maintenance_pkey; Type: CONSTRAINT; Schema: public; Owner: postgres
--

ALTER TABLE ONLY public.maintenance
    ADD CONSTRAINT maintenance_pkey PRIMARY KEY (id);


--
-- Name: payments payments_pkey; Type: CONSTRAINT; Schema: public; Owner: postgres
--

ALTER TABLE ONLY public.payments
    ADD CONSTRAINT payments_pkey PRIMARY KEY (id);


--
-- Name: rentals rentals_pkey; Type: CONSTRAINT; Schema: public; Owner: postgres
--

ALTER TABLE ONLY public.rentals
    ADD CONSTRAINT rentals_pkey PRIMARY KEY (id);


--
-- Name: idx_damages_rental; Type: INDEX; Schema: public; Owner: postgres
--

CREATE INDEX idx_damages_rental ON public.damages USING btree (rental_id);


--
-- Name: idx_equipment_type; Type: INDEX; Schema: public; Owner: postgres
--

CREATE INDEX idx_equipment_type ON public.equipment USING btree (type_id);


--
-- Name: idx_maintenance_equipment; Type: INDEX; Schema: public; Owner: postgres
--

CREATE INDEX idx_maintenance_equipment ON public.maintenance USING btree (equipment_id);


--
-- Name: idx_payments_rental; Type: INDEX; Schema: public; Owner: postgres
--

CREATE INDEX idx_payments_rental ON public.payments USING btree (rental_id);


--
-- Name: idx_rentals_dates; Type: INDEX; Schema: public; Owner: postgres
--

CREATE INDEX idx_rentals_dates ON public.rentals USING btree (start_date, end_date);


--
-- Name: idx_rentals_equipment; Type: INDEX; Schema: public; Owner: postgres
--

CREATE INDEX idx_rentals_equipment ON public.rentals USING btree (equipment_id);


--
-- Name: rentals trg_rental_total; Type: TRIGGER; Schema: public; Owner: postgres
--

CREATE TRIGGER trg_rental_total BEFORE INSERT ON public.rentals FOR EACH ROW EXECUTE FUNCTION public.calc_rental_total();


--
-- Name: damages damages_rental_id_fkey; Type: FK CONSTRAINT; Schema: public; Owner: postgres
--

ALTER TABLE ONLY public.damages
    ADD CONSTRAINT damages_rental_id_fkey FOREIGN KEY (rental_id) REFERENCES public.rentals(id);


--
-- Name: equipment equipment_type_id_fkey; Type: FK CONSTRAINT; Schema: public; Owner: postgres
--

ALTER TABLE ONLY public.equipment
    ADD CONSTRAINT equipment_type_id_fkey FOREIGN KEY (type_id) REFERENCES public.equipmenttypes(id);


--
-- Name: equipmentratings equipmentratings_equipment_id_fkey; Type: FK CONSTRAINT; Schema: public; Owner: postgres
--

ALTER TABLE ONLY public.equipmentratings
    ADD CONSTRAINT equipmentratings_equipment_id_fkey FOREIGN KEY (equipment_id) REFERENCES public.equipment(id);


--
-- Name: equipment fk_equipment_owner; Type: FK CONSTRAINT; Schema: public; Owner: postgres
--

ALTER TABLE ONLY public.equipment
    ADD CONSTRAINT fk_equipment_owner FOREIGN KEY (owner_id) REFERENCES public.clients(id);


--
-- Name: maintenance maintenance_equipment_id_fkey; Type: FK CONSTRAINT; Schema: public; Owner: postgres
--

ALTER TABLE ONLY public.maintenance
    ADD CONSTRAINT maintenance_equipment_id_fkey FOREIGN KEY (equipment_id) REFERENCES public.equipment(id);


--
-- Name: payments payments_rental_id_fkey; Type: FK CONSTRAINT; Schema: public; Owner: postgres
--

ALTER TABLE ONLY public.payments
    ADD CONSTRAINT payments_rental_id_fkey FOREIGN KEY (rental_id) REFERENCES public.rentals(id);


--
-- Name: rentals rentals_client_id_fkey; Type: FK CONSTRAINT; Schema: public; Owner: postgres
--

ALTER TABLE ONLY public.rentals
    ADD CONSTRAINT rentals_client_id_fkey FOREIGN KEY (client_id) REFERENCES public.clients(id);


--
-- Name: rentals rentals_equipment_id_fkey; Type: FK CONSTRAINT; Schema: public; Owner: postgres
--

ALTER TABLE ONLY public.rentals
    ADD CONSTRAINT rentals_equipment_id_fkey FOREIGN KEY (equipment_id) REFERENCES public.equipment(id);


--
-- PostgreSQL database dump complete
--

